{
  "type": "FeatureCollection",
  "features": [
    {
      "type": "Feature",
      "properties": {
        "_source": "Ruta13-Triunfo-Estadio-LimitePerimetroTunja",
        "_segmentIndex": 0,
        "_position": 0
      },
      "geometry": {
        "type": "Point",
        "coordinates": [
          -73.374312,
          5.512644
        ]
      }
    },
    {
      "type": "Feature",
      "properties": {
        "_source": "Ruta13-Triunfo-Estadio-LimitePerimetroTunja",
        "_segmentIndex": 0,
        "_position": 1
      },
      "geometry": {
        "type": "Point",
        "coordinates": [
          -73.37386774475391,
          5.512569907437302
        ]
      }
    },
    {
      "type": "Feature",
      "properties": {
        "_source": "Ruta13-Triunfo-Estadio-LimitePerimetroTunja",
        "_segmentIndex": 0,
        "_position": 0
      },
      "geometry": {
        "type": "Point",
        "coordinates": [
          -73.373526,
          5.51254
        ]
      }
    },
    {
      "type": "Feature",
      "properties": {
        "_source": "Ruta13-Triunfo-Estadio-LimitePerimetroTunja",
        "_segmentIndex": 0,
        "_position": 1
      },
      "geometry": {
        "type": "Point",
        "coordinates": [
          -73.37331798010975,
          5.512939103832527
        ]
      }
    },
    {
      "type": "Feature",
      "properties": {
        "_source": "Ruta13-Triunfo-Estadio-LimitePerimetroTunja",
        "_segmentIndex": 0,
        "_position": 2
      },
      "geometry": {
        "type": "Point",
        "coordinates": [
          -73.37313281951427,
          5.513348128032047
        ]
      }
    },
    {
      "type": "Feature",
      "properties": {
        "_source": "Ruta13-Triunfo-Estadio-LimitePerimetroTunja",
        "_segmentIndex": 0,
        "_position": 0
      },
      "geometry": {
        "type": "Point",
        "coordinates": [
          -73.373094,
          5.513455
        ]
      }
    },
    {
      "type": "Feature",
      "properties": {
        "_source": "Ruta13-Triunfo-Estadio-LimitePerimetroTunja",
        "_segmentIndex": 0,
        "_position": 1
      },
      "geometry": {
        "type": "Point",
        "coordinates": [
          -73.37264385426937,
          5.513417745774892
        ]
      }
    },
    {
      "type": "Feature",
      "properties": {
        "_source": "Ruta13-Triunfo-Estadio-LimitePerimetroTunja",
        "_segmentIndex": 0,
        "_position": 0
      },
      "geometry": {
        "type": "Point",
        "coordinates": [
          -73.372222,
          5.513415
        ]
      }
    },
    {
      "type": "Feature",
      "properties": {
        "_source": "Ruta13-Triunfo-Estadio-LimitePerimetroTunja",
        "_segmentIndex": 0,
        "_position": 1
      },
      "geometry": {
        "type": "Point",
        "coordinates": [
          -73.3721563504783,
          5.513859876590466
        ]
      }
    },
    {
      "type": "Feature",
      "properties": {
        "_source": "Ruta13-Triunfo-Estadio-LimitePerimetroTunja",
        "_segmentIndex": 0,
        "_position": 2
      },
      "geometry": {
        "type": "Point",
        "coordinates": [
          -73.3720860004628,
          5.514303997346661
        ]
      }
    },
    {
      "type": "Feature",
      "properties": {
        "_source": "Ruta13-Triunfo-Estadio-LimitePerimetroTunja",
        "_segmentIndex": 0,
        "_position": 3
      },
      "geometry": {
        "type": "Point",
        "coordinates": [
          -73.37198171727869,
          5.514741483325682
        ]
      }
    },
    {
      "type": "Feature",
      "properties": {
        "_source": "Ruta13-Triunfo-Estadio-LimitePerimetroTunja",
        "_segmentIndex": 0,
        "_position": 4
      },
      "geometry": {
        "type": "Point",
        "coordinates": [
          -73.37186530440171,
          5.515175148462011
        ]
      }
    },
    {
      "type": "Feature",
      "properties": {
        "_source": "Ruta13-Triunfo-Estadio-LimitePerimetroTunja",
        "_segmentIndex": 0,
        "_position": 5
      },
      "geometry": {
        "type": "Point",
        "coordinates": [
          -73.37178767363304,
          5.515618098570364
        ]
      }
    },
    {
      "type": "Feature",
      "properties": {
        "_source": "Ruta13-Triunfo-Estadio-LimitePerimetroTunja",
        "_segmentIndex": 0,
        "_position": 6
      },
      "geometry": {
        "type": "Point",
        "coordinates": [
          -73.37171832262081,
          5.516062040181109
        ]
      }
    },
    {
      "type": "Feature",
      "properties": {
        "_source": "Ruta13-Triunfo-Estadio-LimitePerimetroTunja",
        "_segmentIndex": 0,
        "_position": 0
      },
      "geometry": {
        "type": "Point",
        "coordinates": [
          -73.371621,
          5.516261
        ]
      }
    },
    {
      "type": "Feature",
      "properties": {
        "_source": "Ruta13-Triunfo-Estadio-LimitePerimetroTunja",
        "_segmentIndex": 0,
        "_position": 1
      },
      "geometry": {
        "type": "Point",
        "coordinates": [
          -73.37117351195387,
          5.516304359881818
        ]
      }
    },
    {
      "type": "Feature",
      "properties": {
        "_source": "Ruta13-Triunfo-Estadio-LimitePerimetroTunja",
        "_segmentIndex": 0,
        "_position": 2
      },
      "geometry": {
        "type": "Point",
        "coordinates": [
          -73.3707231110388,
          5.5163384997554905
        ]
      }
    },
    {
      "type": "Feature",
      "properties": {
        "_source": "Ruta13-Triunfo-Estadio-LimitePerimetroTunja",
        "_segmentIndex": 0,
        "_position": 0
      },
      "geometry": {
        "type": "Point",
        "coordinates": [
          -73.370505,
          5.516354
        ]
      }
    },
    {
      "type": "Feature",
      "properties": {
        "_source": "Ruta13-Triunfo-Estadio-LimitePerimetroTunja",
        "_segmentIndex": 0,
        "_position": 1
      },
      "geometry": {
        "type": "Point",
        "coordinates": [
          -73.37041429009274,
          5.516794239805874
        ]
      }
    },
    {
      "type": "Feature",
      "properties": {
        "_source": "Ruta13-Triunfo-Estadio-LimitePerimetroTunja",
        "_segmentIndex": 0,
        "_position": 2
      },
      "geometry": {
        "type": "Point",
        "coordinates": [
          -73.3703152267033,
          5.517232685520584
        ]
      }
    },
    {
      "type": "Feature",
      "properties": {
        "_source": "Ruta13-Triunfo-Estadio-LimitePerimetroTunja",
        "_segmentIndex": 0,
        "_position": 3
      },
      "geometry": {
        "type": "Point",
        "coordinates": [
          -73.37019074674282,
          5.517664539803153
        ]
      }
    },
    {
      "type": "Feature",
      "properties": {
        "_source": "Ruta13-Triunfo-Estadio-LimitePerimetroTunja",
        "_segmentIndex": 0,
        "_position": 0
      },
      "geometry": {
        "type": "Point",
        "coordinates": [
          -73.370017,
          5.517853
        ]
      }
    },
    {
      "type": "Feature",
      "properties": {
        "_source": "Ruta13-Triunfo-Estadio-LimitePerimetroTunja",
        "_segmentIndex": 0,
        "_position": 1
      },
      "geometry": {
        "type": "Point",
        "coordinates": [
          -73.36957009602119,
          5.5179110614646785
        ]
      }
    },
    {
      "type": "Feature",
      "properties": {
        "_source": "Ruta13-Triunfo-Estadio-LimitePerimetroTunja",
        "_segmentIndex": 0,
        "_position": 2
      },
      "geometry": {
        "type": "Point",
        "coordinates": [
          -73.36912043541638,
          5.517948443981097
        ]
      }
    },
    {
      "type": "Feature",
      "properties": {
        "_source": "Ruta13-Triunfo-Estadio-LimitePerimetroTunja",
        "_segmentIndex": 0,
        "_position": 3
      },
      "geometry": {
        "type": "Point",
        "coordinates": [
          -73.36868071410133,
          5.518051094205272
        ]
      }
    },
    {
      "type": "Feature",
      "properties": {
        "_source": "Ruta13-Triunfo-Estadio-LimitePerimetroTunja",
        "_segmentIndex": 0,
        "_position": 4
      },
      "geometry": {
        "type": "Point",
        "coordinates": [
          -73.36824119411442,
          5.518154958413678
        ]
      }
    },
    {
      "type": "Feature",
      "properties": {
        "_source": "Ruta13-Triunfo-Estadio-LimitePerimetroTunja",
        "_segmentIndex": 0,
        "_position": 5
      },
      "geometry": {
        "type": "Point",
        "coordinates": [
          -73.367800891998,
          5.518255332022822
        ]
      }
    },
    {
      "type": "Feature",
      "properties": {
        "_source": "Ruta13-Triunfo-Estadio-LimitePerimetroTunja",
        "_segmentIndex": 0,
        "_position": 0
      },
      "geometry": {
        "type": "Point",
        "coordinates": [
          -73.3675,
          5.518359
        ]
      }
    },
    {
      "type": "Feature",
      "properties": {
        "_source": "Ruta13-Triunfo-Estadio-LimitePerimetroTunja",
        "_segmentIndex": 0,
        "_position": 1
      },
      "geometry": {
        "type": "Point",
        "coordinates": [
          -73.3674368048186,
          5.518804238793086
        ]
      }
    },
    {
      "type": "Feature",
      "properties": {
        "_source": "Ruta13-Triunfo-Estadio-LimitePerimetroTunja",
        "_segmentIndex": 0,
        "_position": 2
      },
      "geometry": {
        "type": "Point",
        "coordinates": [
          -73.36738580519607,
          5.519251016615073
        ]
      }
    },
    {
      "type": "Feature",
      "properties": {
        "_source": "Ruta13-Triunfo-Estadio-LimitePerimetroTunja",
        "_segmentIndex": 0,
        "_position": 3
      },
      "geometry": {
        "type": "Point",
        "coordinates": [
          -73.36732992297605,
          5.519696953306814
        ]
      }
    },
    {
      "type": "Feature",
      "properties": {
        "_source": "Ruta13-Triunfo-Estadio-LimitePerimetroTunja",
        "_segmentIndex": 0,
        "_position": 4
      },
      "geometry": {
        "type": "Point",
        "coordinates": [
          -73.36722766148057,
          5.520134938773813
        ]
      }
    },
    {
      "type": "Feature",
      "properties": {
        "_source": "Ruta13-Triunfo-Estadio-LimitePerimetroTunja",
        "_segmentIndex": 0,
        "_position": 5
      },
      "geometry": {
        "type": "Point",
        "coordinates": [
          -73.36710648513824,
          5.520567980454711
        ]
      }
    },
    {
      "type": "Feature",
      "properties": {
        "_source": "Ruta13-Triunfo-Estadio-LimitePerimetroTunja",
        "_segmentIndex": 0,
        "_position": 6
      },
      "geometry": {
        "type": "Point",
        "coordinates": [
          -73.36698727796049,
          5.521001703241144
        ]
      }
    },
    {
      "type": "Feature",
      "properties": {
        "_source": "Ruta13-Triunfo-Estadio-LimitePerimetroTunja",
        "_segmentIndex": 0,
        "_position": 7
      },
      "geometry": {
        "type": "Point",
        "coordinates": [
          -73.3668681823529,
          5.521435456352501
        ]
      }
    },
    {
      "type": "Feature",
      "properties": {
        "_source": "Ruta13-Triunfo-Estadio-LimitePerimetroTunja",
        "_segmentIndex": 0,
        "_position": 8
      },
      "geometry": {
        "type": "Point",
        "coordinates": [
          -73.36674623031372,
          5.5218684124903294
        ]
      }
    },
    {
      "type": "Feature",
      "properties": {
        "_source": "Ruta13-Triunfo-Estadio-LimitePerimetroTunja",
        "_segmentIndex": 0,
        "_position": 9
      },
      "geometry": {
        "type": "Point",
        "coordinates": [
          -73.36661509312523,
          5.52229863879858
        ]
      }
    },
    {
      "type": "Feature",
      "properties": {
        "_source": "Ruta13-Triunfo-Estadio-LimitePerimetroTunja",
        "_segmentIndex": 0,
        "_position": 10
      },
      "geometry": {
        "type": "Point",
        "coordinates": [
          -73.36650492658275,
          5.522734575311602
        ]
      }
    },
    {
      "type": "Feature",
      "properties": {
        "_source": "Ruta13-Triunfo-Estadio-LimitePerimetroTunja",
        "_segmentIndex": 0,
        "_position": 11
      },
      "geometry": {
        "type": "Point",
        "coordinates": [
          -73.36642321488299,
          5.523176777773622
        ]
      }
    },
    {
      "type": "Feature",
      "properties": {
        "_source": "Ruta13-Triunfo-Estadio-LimitePerimetroTunja",
        "_segmentIndex": 0,
        "_position": 12
      },
      "geometry": {
        "type": "Point",
        "coordinates": [
          -73.36634294413442,
          5.523619282667208
        ]
      }
    },
    {
      "type": "Feature",
      "properties": {
        "_source": "Ruta13-Triunfo-Estadio-LimitePerimetroTunja",
        "_segmentIndex": 0,
        "_position": 13
      },
      "geometry": {
        "type": "Point",
        "coordinates": [
          -73.36622111026593,
          5.524052229126309
        ]
      }
    },
    {
      "type": "Feature",
      "properties": {
        "_source": "Ruta13-Triunfo-Estadio-LimitePerimetroTunja",
        "_segmentIndex": 0,
        "_position": 0
      },
      "geometry": {
        "type": "Point",
        "coordinates": [
          -73.366142,
          5.524313
        ]
      }
    },
    {
      "type": "Feature",
      "properties": {
        "_source": "Ruta13-Triunfo-Estadio-LimitePerimetroTunja",
        "_segmentIndex": 0,
        "_position": 1
      },
      "geometry": {
        "type": "Point",
        "coordinates": [
          -73.36639920939588,
          5.524673642642631
        ]
      }
    },
    {
      "type": "Feature",
      "properties": {
        "_source": "Ruta13-Triunfo-Estadio-LimitePerimetroTunja",
        "_segmentIndex": 0,
        "_position": 2
      },
      "geometry": {
        "type": "Point",
        "coordinates": [
          -73.36658052998229,
          5.525073277034332
        ]
      }
    },
    {
      "type": "Feature",
      "properties": {
        "_source": "Ruta13-Triunfo-Estadio-LimitePerimetroTunja",
        "_segmentIndex": 0,
        "_position": 3
      },
      "geometry": {
        "type": "Point",
        "coordinates": [
          -73.36647018271763,
          5.525509227667151
        ]
      }
    },
    {
      "type": "Feature",
      "properties": {
        "_source": "Ruta13-Triunfo-Estadio-LimitePerimetroTunja",
        "_segmentIndex": 0,
        "_position": 4
      },
      "geometry": {
        "type": "Point",
        "coordinates": [
          -73.36635901018518,
          5.525945057504574
        ]
      }
    },
    {
      "type": "Feature",
      "properties": {
        "_source": "Ruta13-Triunfo-Estadio-LimitePerimetroTunja",
        "_segmentIndex": 0,
        "_position": 5
      },
      "geometry": {
        "type": "Point",
        "coordinates": [
          -73.36633152332963,
          5.52639335070825
        ]
      }
    },
    {
      "type": "Feature",
      "properties": {
        "_source": "Ruta13-Triunfo-Estadio-LimitePerimetroTunja",
        "_segmentIndex": 0,
        "_position": 6
      },
      "geometry": {
        "type": "Point",
        "coordinates": [
          -73.36635369643436,
          5.52684242887072
        ]
      }
    },
    {
      "type": "Feature",
      "properties": {
        "_source": "Ruta13-Triunfo-Estadio-LimitePerimetroTunja",
        "_segmentIndex": 0,
        "_position": 7
      },
      "geometry": {
        "type": "Point",
        "coordinates": [
          -73.36635537211332,
          5.527290075446186
        ]
      }
    },
    {
      "type": "Feature",
      "properties": {
        "_source": "Ruta13-Triunfo-Estadio-LimitePerimetroTunja",
        "_segmentIndex": 0,
        "_position": 8
      },
      "geometry": {
        "type": "Point",
        "coordinates": [
          -73.36631356066,
          5.527737792320359
        ]
      }
    },
    {
      "type": "Feature",
      "properties": {
        "_source": "Ruta13-Triunfo-Estadio-LimitePerimetroTunja",
        "_segmentIndex": 0,
        "_position": 9
      },
      "geometry": {
        "type": "Point",
        "coordinates": [
          -73.36641764925469,
          5.528164396267659
        ]
      }
    },
    {
      "type": "Feature",
      "properties": {
        "_source": "Ruta13-Triunfo-Estadio-LimitePerimetroTunja",
        "_segmentIndex": 0,
        "_position": 0
      },
      "geometry": {
        "type": "Point",
        "coordinates": [
          -73.366392,
          5.528208
        ]
      }
    },
    {
      "type": "Feature",
      "properties": {
        "_source": "Ruta13-Triunfo-Estadio-LimitePerimetroTunja",
        "_segmentIndex": 0,
        "_position": 1
      },
      "geometry": {
        "type": "Point",
        "coordinates": [
          -73.36598369750112,
          5.528370395867948
        ]
      }
    },
    {
      "type": "Feature",
      "properties": {
        "_source": "Ruta13-Triunfo-Estadio-LimitePerimetroTunja",
        "_segmentIndex": 0,
        "_position": 2
      },
      "geometry": {
        "type": "Point",
        "coordinates": [
          -73.36566605831486,
          5.528690110256951
        ]
      }
    },
    {
      "type": "Feature",
      "properties": {
        "_source": "Ruta13-Triunfo-Estadio-LimitePerimetroTunja",
        "_segmentIndex": 0,
        "_position": 3
      },
      "geometry": {
        "type": "Point",
        "coordinates": [
          -73.3653799971306,
          5.529036899725242
        ]
      }
    },
    {
      "type": "Feature",
      "properties": {
        "_source": "Ruta13-Triunfo-Estadio-LimitePerimetroTunja",
        "_segmentIndex": 0,
        "_position": 4
      },
      "geometry": {
        "type": "Point",
        "coordinates": [
          -73.36521649138527,
          5.529452160118032
        ]
      }
    },
    {
      "type": "Feature",
      "properties": {
        "_source": "Ruta13-Triunfo-Estadio-LimitePerimetroTunja",
        "_segmentIndex": 0,
        "_position": 5
      },
      "geometry": {
        "type": "Point",
        "coordinates": [
          -73.3650892339464,
          5.529883608890237
        ]
      }
    },
    {
      "type": "Feature",
      "properties": {
        "_source": "Ruta13-Triunfo-Estadio-LimitePerimetroTunja",
        "_segmentIndex": 0,
        "_position": 6
      },
      "geometry": {
        "type": "Point",
        "coordinates": [
          -73.3649685612509,
          5.530316868547683
        ]
      }
    },
    {
      "type": "Feature",
      "properties": {
        "_source": "Ruta13-Triunfo-Estadio-LimitePerimetroTunja",
        "_segmentIndex": 0,
        "_position": 7
      },
      "geometry": {
        "type": "Point",
        "coordinates": [
          -73.3648520074096,
          5.5307512210152785
        ]
      }
    },
    {
      "type": "Feature",
      "properties": {
        "_source": "Ruta13-Triunfo-Estadio-LimitePerimetroTunja",
        "_segmentIndex": 0,
        "_position": 8
      },
      "geometry": {
        "type": "Point",
        "coordinates": [
          -73.36471993525302,
          5.531181226652363
        ]
      }
    },
    {
      "type": "Feature",
      "properties": {
        "_source": "Ruta13-Triunfo-Estadio-LimitePerimetroTunja",
        "_segmentIndex": 0,
        "_position": 9
      },
      "geometry": {
        "type": "Point",
        "coordinates": [
          -73.36459636077342,
          5.531613737358367
        ]
      }
    },
    {
      "type": "Feature",
      "properties": {
        "_source": "Ruta13-Triunfo-Estadio-LimitePerimetroTunja",
        "_segmentIndex": 0,
        "_position": 10
      },
      "geometry": {
        "type": "Point",
        "coordinates": [
          -73.36446499514581,
          5.532043950402034
        ]
      }
    },
    {
      "type": "Feature",
      "properties": {
        "_source": "Ruta13-Triunfo-Estadio-LimitePerimetroTunja",
        "_segmentIndex": 0,
        "_position": 11
      },
      "geometry": {
        "type": "Point",
        "coordinates": [
          -73.36432502044975,
          5.5324714522809195
        ]
      }
    },
    {
      "type": "Feature",
      "properties": {
        "_source": "Ruta13-Triunfo-Estadio-LimitePerimetroTunja",
        "_segmentIndex": 0,
        "_position": 12
      },
      "geometry": {
        "type": "Point",
        "coordinates": [
          -73.36418372877003,
          5.532898543070191
        ]
      }
    },
    {
      "type": "Feature",
      "properties": {
        "_source": "Ruta13-Triunfo-Estadio-LimitePerimetroTunja",
        "_segmentIndex": 0,
        "_position": 13
      },
      "geometry": {
        "type": "Point",
        "coordinates": [
          -73.3640467995865,
          5.53332705093836
        ]
      }
    },
    {
      "type": "Feature",
      "properties": {
        "_source": "Ruta13-Triunfo-Estadio-LimitePerimetroTunja",
        "_segmentIndex": 0,
        "_position": 14
      },
      "geometry": {
        "type": "Point",
        "coordinates": [
          -73.3639251545682,
          5.5337597669021985
        ]
      }
    },
    {
      "type": "Feature",
      "properties": {
        "_source": "Ruta13-Triunfo-Estadio-LimitePerimetroTunja",
        "_segmentIndex": 0,
        "_position": 15
      },
      "geometry": {
        "type": "Point",
        "coordinates": [
          -73.36381869856572,
          5.534196733368301
        ]
      }
    },
    {
      "type": "Feature",
      "properties": {
        "_source": "Ruta13-Triunfo-Estadio-LimitePerimetroTunja",
        "_segmentIndex": 0,
        "_position": 16
      },
      "geometry": {
        "type": "Point",
        "coordinates": [
          -73.36370263405193,
          5.534631300516478
        ]
      }
    },
    {
      "type": "Feature",
      "properties": {
        "_source": "Ruta13-Triunfo-Estadio-LimitePerimetroTunja",
        "_segmentIndex": 0,
        "_position": 17
      },
      "geometry": {
        "type": "Point",
        "coordinates": [
          -73.36357581952015,
          5.535062829889476
        ]
      }
    },
    {
      "type": "Feature",
      "properties": {
        "_source": "Ruta13-Triunfo-Estadio-LimitePerimetroTunja",
        "_segmentIndex": 0,
        "_position": 18
      },
      "geometry": {
        "type": "Point",
        "coordinates": [
          -73.36344828793922,
          5.535492951095225
        ]
      }
    },
    {
      "type": "Feature",
      "properties": {
        "_source": "Ruta13-Triunfo-Estadio-LimitePerimetroTunja",
        "_segmentIndex": 0,
        "_position": 0
      },
      "geometry": {
        "type": "Point",
        "coordinates": [
          -73.363321,
          5.535758
        ]
      }
    },
    {
      "type": "Feature",
      "properties": {
        "_source": "Ruta13-Triunfo-Estadio-LimitePerimetroTunja",
        "_segmentIndex": 0,
        "_position": 1
      },
      "geometry": {
        "type": "Point",
        "coordinates": [
          -73.36329505535635,
          5.53620160212638
        ]
      }
    },
    {
      "type": "Feature",
      "properties": {
        "_source": "Ruta13-Triunfo-Estadio-LimitePerimetroTunja",
        "_segmentIndex": 0,
        "_position": 0
      },
      "geometry": {
        "type": "Point",
        "coordinates": [
          -73.363231,
          5.536335
        ]
      }
    },
    {
      "type": "Feature",
      "properties": {
        "_source": "Ruta13-Triunfo-Estadio-LimitePerimetroTunja",
        "_segmentIndex": 0,
        "_position": 1
      },
      "geometry": {
        "type": "Point",
        "coordinates": [
          -73.36278136784557,
          5.536378403196992
        ]
      }
    },
    {
      "type": "Feature",
      "properties": {
        "_source": "Ruta13-Triunfo-Estadio-LimitePerimetroTunja",
        "_segmentIndex": 0,
        "_position": 2
      },
      "geometry": {
        "type": "Point",
        "coordinates": [
          -73.36233248696749,
          5.5364290710442585
        ]
      }
    },
    {
      "type": "Feature",
      "properties": {
        "_source": "Ruta13-Triunfo-Estadio-LimitePerimetroTunja",
        "_segmentIndex": 0,
        "_position": 3
      },
      "geometry": {
        "type": "Point",
        "coordinates": [
          -73.36188877493092,
          5.5365085766542155
        ]
      }
    },
    {
      "type": "Feature",
      "properties": {
        "_source": "Ruta13-Triunfo-Estadio-LimitePerimetroTunja",
        "_segmentIndex": 0,
        "_position": 4
      },
      "geometry": {
        "type": "Point",
        "coordinates": [
          -73.36153966563819,
          5.53678577878486
        ]
      }
    },
    {
      "type": "Feature",
      "properties": {
        "_source": "Ruta13-Triunfo-Estadio-LimitePerimetroTunja",
        "_segmentIndex": 0,
        "_position": 5
      },
      "geometry": {
        "type": "Point",
        "coordinates": [
          -73.36130513314137,
          5.53716334121266
        ]
      }
    },
    {
      "type": "Feature",
      "properties": {
        "_source": "Ruta13-Triunfo-Estadio-LimitePerimetroTunja",
        "_segmentIndex": 0,
        "_position": 6
      },
      "geometry": {
        "type": "Point",
        "coordinates": [
          -73.36105385863033,
          5.537530043892901
        ]
      }
    },
    {
      "type": "Feature",
      "properties": {
        "_source": "Ruta13-Triunfo-Estadio-LimitePerimetroTunja",
        "_segmentIndex": 0,
        "_position": 7
      },
      "geometry": {
        "type": "Point",
        "coordinates": [
          -73.36066659346149,
          5.537749947360767
        ]
      }
    },
    {
      "type": "Feature",
      "properties": {
        "_source": "Ruta13-Triunfo-Estadio-LimitePerimetroTunja",
        "_segmentIndex": 0,
        "_position": 0
      },
      "geometry": {
        "type": "Point",
        "coordinates": [
          -73.360404,
          5.537932
        ]
      }
    },
    {
      "type": "Feature",
      "properties": {
        "_source": "Ruta13-Triunfo-Estadio-LimitePerimetroTunja",
        "_segmentIndex": 0,
        "_position": 1
      },
      "geometry": {
        "type": "Point",
        "coordinates": [
          -73.36021580530512,
          5.5383358510688
        ]
      }
    },
    {
      "type": "Feature",
      "properties": {
        "_source": "Ruta13-Triunfo-Estadio-LimitePerimetroTunja",
        "_segmentIndex": 0,
        "_position": 0
      },
      "geometry": {
        "type": "Point",
        "coordinates": [
          -73.360148,
          5.538705
        ]
      }
    },
    {
      "type": "Feature",
      "properties": {
        "_source": "Ruta13-Triunfo-Estadio-LimitePerimetroTunja",
        "_segmentIndex": 0,
        "_position": 1
      },
      "geometry": {
        "type": "Point",
        "coordinates": [
          -73.36004220413858,
          5.539142156484676
        ]
      }
    },
    {
      "type": "Feature",
      "properties": {
        "_source": "Ruta13-Triunfo-Estadio-LimitePerimetroTunja",
        "_segmentIndex": 0,
        "_position": 2
      },
      "geometry": {
        "type": "Point",
        "coordinates": [
          -73.35993390817116,
          5.539578692542827
        ]
      }
    },
    {
      "type": "Feature",
      "properties": {
        "_source": "Ruta13-Triunfo-Estadio-LimitePerimetroTunja",
        "_segmentIndex": 0,
        "_position": 3
      },
      "geometry": {
        "type": "Point",
        "coordinates": [
          -73.35981779893515,
          5.540013118913748
        ]
      }
    },
    {
      "type": "Feature",
      "properties": {
        "_source": "Ruta13-Triunfo-Estadio-LimitePerimetroTunja",
        "_segmentIndex": 0,
        "_position": 4
      },
      "geometry": {
        "type": "Point",
        "coordinates": [
          -73.35966409203877,
          5.540435765237161
        ]
      }
    },
    {
      "type": "Feature",
      "properties": {
        "_source": "Ruta13-Triunfo-Estadio-LimitePerimetroTunja",
        "_segmentIndex": 0,
        "_position": 5
      },
      "geometry": {
        "type": "Point",
        "coordinates": [
          -73.35948651448032,
          5.54084882319487
        ]
      }
    },
    {
      "type": "Feature",
      "properties": {
        "_source": "Ruta13-Triunfo-Estadio-LimitePerimetroTunja",
        "_segmentIndex": 0,
        "_position": 6
      },
      "geometry": {
        "type": "Point",
        "coordinates": [
          -73.35929305348554,
          5.541255164550101
        ]
      }
    },
    {
      "type": "Feature",
      "properties": {
        "_source": "Ruta13-Triunfo-Estadio-LimitePerimetroTunja",
        "_segmentIndex": 0,
        "_position": 7
      },
      "geometry": {
        "type": "Point",
        "coordinates": [
          -73.35909650023919,
          5.54166003657229
        ]
      }
    },
    {
      "type": "Feature",
      "properties": {
        "_source": "Ruta13-Triunfo-Estadio-LimitePerimetroTunja",
        "_segmentIndex": 0,
        "_position": 8
      },
      "geometry": {
        "type": "Point",
        "coordinates": [
          -73.35892672767432,
          5.5420763157190995
        ]
      }
    },
    {
      "type": "Feature",
      "properties": {
        "_source": "Ruta13-Triunfo-Estadio-LimitePerimetroTunja",
        "_segmentIndex": 0,
        "_position": 9
      },
      "geometry": {
        "type": "Point",
        "coordinates": [
          -73.35884920115495,
          5.542515125520301
        ]
      }
    },
    {
      "type": "Feature",
      "properties": {
        "_source": "Ruta13-Triunfo-Estadio-LimitePerimetroTunja",
        "_segmentIndex": 0,
        "_position": 10
      },
      "geometry": {
        "type": "Point",
        "coordinates": [
          -73.35878203046565,
          5.542924264118881
        ]
      }
    },
    {
      "type": "Feature",
      "properties": {
        "_source": "Ruta13-Triunfo-Estadio-LimitePerimetroTunja",
        "_segmentIndex": 0,
        "_position": 11
      },
      "geometry": {
        "type": "Point",
        "coordinates": [
          -73.35850590001455,
          5.543279547260715
        ]
      }
    },
    {
      "type": "Feature",
      "properties": {
        "_source": "Ruta13-Triunfo-Estadio-LimitePerimetroTunja",
        "_segmentIndex": 0,
        "_position": 12
      },
      "geometry": {
        "type": "Point",
        "coordinates": [
          -73.35823423272423,
          5.543638808794836
        ]
      }
    },
    {
      "type": "Feature",
      "properties": {
        "_source": "Ruta13-Triunfo-Estadio-LimitePerimetroTunja",
        "_segmentIndex": 0,
        "_position": 13
      },
      "geometry": {
        "type": "Point",
        "coordinates": [
          -73.35795870780423,
          5.543995163667812
        ]
      }
    },
    {
      "type": "Feature",
      "properties": {
        "_source": "Ruta13-Triunfo-Estadio-LimitePerimetroTunja",
        "_segmentIndex": 0,
        "_position": 0
      },
      "geometry": {
        "type": "Point",
        "coordinates": [
          -73.357727,
          5.54422
        ]
      }
    },
    {
      "type": "Feature",
      "properties": {
        "_source": "Ruta13-Triunfo-Estadio-LimitePerimetroTunja",
        "_segmentIndex": 0,
        "_position": 1
      },
      "geometry": {
        "type": "Point",
        "coordinates": [
          -73.35732081987592,
          5.544378646377803
        ]
      }
    },
    {
      "type": "Feature",
      "properties": {
        "_source": "Ruta13-Triunfo-Estadio-LimitePerimetroTunja",
        "_segmentIndex": 0,
        "_position": 0
      },
      "geometry": {
        "type": "Point",
        "coordinates": [
          -73.357224,
          5.544759
        ]
      }
    },
    {
      "type": "Feature",
      "properties": {
        "_source": "Ruta13-Triunfo-Estadio-LimitePerimetroTunja",
        "_segmentIndex": 0,
        "_position": 1
      },
      "geometry": {
        "type": "Point",
        "coordinates": [
          -73.3567983243684,
          5.544614121348681
        ]
      }
    },
    {
      "type": "Feature",
      "properties": {
        "_source": "Ruta13-Triunfo-Estadio-LimitePerimetroTunja",
        "_segmentIndex": 0,
        "_position": 2
      },
      "geometry": {
        "type": "Point",
        "coordinates": [
          -73.35638132252132,
          5.544441139992004
        ]
      }
    },
    {
      "type": "Feature",
      "properties": {
        "_source": "Ruta13-Triunfo-Estadio-LimitePerimetroTunja",
        "_segmentIndex": 0,
        "_position": 3
      },
      "geometry": {
        "type": "Point",
        "coordinates": [
          -73.35596380050454,
          5.5442693933337
        ]
      }
    },
    {
      "type": "Feature",
      "properties": {
        "_source": "Ruta13-Triunfo-Estadio-LimitePerimetroTunja",
        "_segmentIndex": 0,
        "_position": 4
      },
      "geometry": {
        "type": "Point",
        "coordinates": [
          -73.35554469576196,
          5.544101609378491
        ]
      }
    },
    {
      "type": "Feature",
      "properties": {
        "_source": "Ruta13-Triunfo-Estadio-LimitePerimetroTunja",
        "_segmentIndex": 0,
        "_position": 5
      },
      "geometry": {
        "type": "Point",
        "coordinates": [
          -73.35512266960036,
          5.54394113954595
        ]
      }
    },
    {
      "type": "Feature",
      "properties": {
        "_source": "Ruta13-Triunfo-Estadio-LimitePerimetroTunja",
        "_segmentIndex": 0,
        "_position": 6
      },
      "geometry": {
        "type": "Point",
        "coordinates": [
          -73.35470064366821,
          5.543780669414499
        ]
      }
    },
    {
      "type": "Feature",
      "properties": {
        "_source": "Ruta13-Triunfo-Estadio-LimitePerimetroTunja",
        "_segmentIndex": 0,
        "_position": 7
      },
      "geometry": {
        "type": "Point",
        "coordinates": [
          -73.35427861796553,
          5.543620198984149
        ]
      }
    },
    {
      "type": "Feature",
      "properties": {
        "_source": "Ruta13-Triunfo-Estadio-LimitePerimetroTunja",
        "_segmentIndex": 0,
        "_position": 8
      },
      "geometry": {
        "type": "Point",
        "coordinates": [
          -73.35385664545502,
          5.5434595903876565
        ]
      }
    },
    {
      "type": "Feature",
      "properties": {
        "_source": "Ruta13-Triunfo-Estadio-LimitePerimetroTunja",
        "_segmentIndex": 0,
        "_position": 9
      },
      "geometry": {
        "type": "Point",
        "coordinates": [
          -73.3534347143602,
          5.543298874281096
        ]
      }
    },
    {
      "type": "Feature",
      "properties": {
        "_source": "Ruta13-Triunfo-Estadio-LimitePerimetroTunja",
        "_segmentIndex": 0,
        "_position": 10
      },
      "geometry": {
        "type": "Point",
        "coordinates": [
          -73.3530127834951,
          5.543138157875796
        ]
      }
    },
    {
      "type": "Feature",
      "properties": {
        "_source": "Ruta13-Triunfo-Estadio-LimitePerimetroTunja",
        "_segmentIndex": 0,
        "_position": 11
      },
      "geometry": {
        "type": "Point",
        "coordinates": [
          -73.35259085285975,
          5.5429774411717645
        ]
      }
    },
    {
      "type": "Feature",
      "properties": {
        "_source": "Ruta13-Triunfo-Estadio-LimitePerimetroTunja",
        "_segmentIndex": 0,
        "_position": 12
      },
      "geometry": {
        "type": "Point",
        "coordinates": [
          -73.35216892245411,
          5.54281672416901
        ]
      }
    },
    {
      "type": "Feature",
      "properties": {
        "_source": "Ruta13-Triunfo-Estadio-LimitePerimetroTunja",
        "_segmentIndex": 0,
        "_position": 13
      },
      "geometry": {
        "type": "Point",
        "coordinates": [
          -73.3517626317303,
          5.542622926727958
        ]
      }
    },
    {
      "type": "Feature",
      "properties": {
        "_source": "Ruta13-Triunfo-Estadio-LimitePerimetroTunja",
        "_segmentIndex": 0,
        "_position": 14
      },
      "geometry": {
        "type": "Point",
        "coordinates": [
          -73.35136926692265,
          5.542401789067796
        ]
      }
    },
    {
      "type": "Feature",
      "properties": {
        "_source": "Ruta13-Triunfo-Estadio-LimitePerimetroTunja",
        "_segmentIndex": 0,
        "_position": 15
      },
      "geometry": {
        "type": "Point",
        "coordinates": [
          -73.35097484062801,
          5.5421825391666735
        ]
      }
    },
    {
      "type": "Feature",
      "properties": {
        "_source": "Ruta13-Triunfo-Estadio-LimitePerimetroTunja",
        "_segmentIndex": 0,
        "_position": 16
      },
      "geometry": {
        "type": "Point",
        "coordinates": [
          -73.35059772349837,
          5.54194955110898
        ]
      }
    },
    {
      "type": "Feature",
      "properties": {
        "_source": "Ruta13-Triunfo-Estadio-LimitePerimetroTunja",
        "_segmentIndex": 0,
        "_position": 17
      },
      "geometry": {
        "type": "Point",
        "coordinates": [
          -73.35048344753993,
          5.541529093258131
        ]
      }
    },
    {
      "type": "Feature",
      "properties": {
        "_source": "Ruta13-Triunfo-Estadio-LimitePerimetroTunja",
        "_segmentIndex": 0,
        "_position": 18
      },
      "geometry": {
        "type": "Point",
        "coordinates": [
          -73.3501139230317,
          5.541624357343389
        ]
      }
    },
    {
      "type": "Feature",
      "properties": {
        "_source": "Ruta13-Triunfo-Estadio-LimitePerimetroTunja",
        "_segmentIndex": 0,
        "_position": 19
      },
      "geometry": {
        "type": "Point",
        "coordinates": [
          -73.3500674623794,
          5.542064990361059
        ]
      }
    },
    {
      "type": "Feature",
      "properties": {
        "_source": "Ruta13-Triunfo-Estadio-LimitePerimetroTunja",
        "_segmentIndex": 0,
        "_position": 0
      },
      "geometry": {
        "type": "Point",
        "coordinates": [
          -73.350036,
          5.542242
        ]
      }
    },
    {
      "type": "Feature",
      "properties": {
        "_source": "Ruta13-Triunfo-Estadio-LimitePerimetroTunja",
        "_segmentIndex": 0,
        "_position": 1
      },
      "geometry": {
        "type": "Point",
        "coordinates": [
          -73.3499391664158,
          5.542681209523697
        ]
      }
    },
    {
      "type": "Feature",
      "properties": {
        "_source": "Ruta13-Triunfo-Estadio-LimitePerimetroTunja",
        "_segmentIndex": 0,
        "_position": 2
      },
      "geometry": {
        "type": "Point",
        "coordinates": [
          -73.34977617191491,
          5.543099525861004
        ]
      }
    },
    {
      "type": "Feature",
      "properties": {
        "_source": "Ruta13-Triunfo-Estadio-LimitePerimetroTunja",
        "_segmentIndex": 0,
        "_position": 3
      },
      "geometry": {
        "type": "Point",
        "coordinates": [
          -73.34957293525069,
          5.543499888751975
        ]
      }
    },
    {
      "type": "Feature",
      "properties": {
        "_source": "Ruta13-Triunfo-Estadio-LimitePerimetroTunja",
        "_segmentIndex": 0,
        "_position": 4
      },
      "geometry": {
        "type": "Point",
        "coordinates": [
          -73.34934140212235,
          5.543886006586045
        ]
      }
    },
    {
      "type": "Feature",
      "properties": {
        "_source": "Ruta13-Triunfo-Estadio-LimitePerimetroTunja",
        "_segmentIndex": 0,
        "_position": 5
      },
      "geometry": {
        "type": "Point",
        "coordinates": [
          -73.34910986869113,
          5.54427212433015
        ]
      }
    },
    {
      "type": "Feature",
      "properties": {
        "_source": "Ruta13-Triunfo-Estadio-LimitePerimetroTunja",
        "_segmentIndex": 0,
        "_position": 6
      },
      "geometry": {
        "type": "Point",
        "coordinates": [
          -73.34885972187189,
          5.5446461006269585
        ]
      }
    },
    {
      "type": "Feature",
      "properties": {
        "_source": "Ruta13-Triunfo-Estadio-LimitePerimetroTunja",
        "_segmentIndex": 0,
        "_position": 7
      },
      "geometry": {
        "type": "Point",
        "coordinates": [
          -73.34859642165061,
          5.545011497028638
        ]
      }
    },
    {
      "type": "Feature",
      "properties": {
        "_source": "Ruta13-Triunfo-Estadio-LimitePerimetroTunja",
        "_segmentIndex": 0,
        "_position": 8
      },
      "geometry": {
        "type": "Point",
        "coordinates": [
          -73.34833312110331,
          5.545376893313947
        ]
      }
    },
    {
      "type": "Feature",
      "properties": {
        "_source": "Ruta13-Triunfo-Estadio-LimitePerimetroTunja",
        "_segmentIndex": 0,
        "_position": 9
      },
      "geometry": {
        "type": "Point",
        "coordinates": [
          -73.34807270766758,
          5.545744329318439
        ]
      }
    },
    {
      "type": "Feature",
      "properties": {
        "_source": "Ruta13-Triunfo-Estadio-LimitePerimetroTunja",
        "_segmentIndex": 0,
        "_position": 10
      },
      "geometry": {
        "type": "Point",
        "coordinates": [
          -73.3478130409753,
          5.546112292976597
        ]
      }
    },
    {
      "type": "Feature",
      "properties": {
        "_source": "Ruta13-Triunfo-Estadio-LimitePerimetroTunja",
        "_segmentIndex": 0,
        "_position": 11
      },
      "geometry": {
        "type": "Point",
        "coordinates": [
          -73.34754882033961,
          5.546476953293979
        ]
      }
    },
    {
      "type": "Feature",
      "properties": {
        "_source": "Ruta13-Triunfo-Estadio-LimitePerimetroTunja",
        "_segmentIndex": 0,
        "_position": 12
      },
      "geometry": {
        "type": "Point",
        "coordinates": [
          -73.34727904964804,
          5.54683760061665
        ]
      }
    },
    {
      "type": "Feature",
      "properties": {
        "_source": "Ruta13-Triunfo-Estadio-LimitePerimetroTunja",
        "_segmentIndex": 0,
        "_position": 13
      },
      "geometry": {
        "type": "Point",
        "coordinates": [
          -73.3470170352107,
          5.547203912192585
        ]
      }
    },
    {
      "type": "Feature",
      "properties": {
        "_source": "Ruta13-Triunfo-Estadio-LimitePerimetroTunja",
        "_segmentIndex": 0,
        "_position": 14
      },
      "geometry": {
        "type": "Point",
        "coordinates": [
          -73.34677661720904,
          5.547582627813206
        ]
      }
    },
    {
      "type": "Feature",
      "properties": {
        "_source": "Ruta13-Triunfo-Estadio-LimitePerimetroTunja",
        "_segmentIndex": 0,
        "_position": 15
      },
      "geometry": {
        "type": "Point",
        "coordinates": [
          -73.34661535115193,
          5.548000112261743
        ]
      }
    },
    {
      "type": "Feature",
      "properties": {
        "_source": "Ruta13-Triunfo-Estadio-LimitePerimetroTunja",
        "_segmentIndex": 0,
        "_position": 16
      },
      "geometry": {
        "type": "Point",
        "coordinates": [
          -73.34652440594935,
          5.548440447289522
        ]
      }
    },
    {
      "type": "Feature",
      "properties": {
        "_source": "Ruta13-Triunfo-Estadio-LimitePerimetroTunja",
        "_segmentIndex": 0,
        "_position": 17
      },
      "geometry": {
        "type": "Point",
        "coordinates": [
          -73.34640889011524,
          5.548875159982612
        ]
      }
    },
    {
      "type": "Feature",
      "properties": {
        "_source": "Ruta13-Triunfo-Estadio-LimitePerimetroTunja",
        "_segmentIndex": 0,
        "_position": 18
      },
      "geometry": {
        "type": "Point",
        "coordinates": [
          -73.34629337411086,
          5.5493098726532875
        ]
      }
    },
    {
      "type": "Feature",
      "properties": {
        "_source": "Ruta13-Triunfo-Estadio-LimitePerimetroTunja",
        "_segmentIndex": 0,
        "_position": 19
      },
      "geometry": {
        "type": "Point",
        "coordinates": [
          -73.34617785793614,
          5.549744585301548
        ]
      }
    },
    {
      "type": "Feature",
      "properties": {
        "_source": "Ruta13-Triunfo-Estadio-LimitePerimetroTunja",
        "_segmentIndex": 0,
        "_position": 20
      },
      "geometry": {
        "type": "Point",
        "coordinates": [
          -73.34607972981489,
          5.550183361077644
        ]
      }
    },
    {
      "type": "Feature",
      "properties": {
        "_source": "Ruta13-Triunfo-Estadio-LimitePerimetroTunja",
        "_segmentIndex": 0,
        "_position": 21
      },
      "geometry": {
        "type": "Point",
        "coordinates": [
          -73.3459888112181,
          5.550623821539358
        ]
      }
    },
    {
      "type": "Feature",
      "properties": {
        "_source": "Ruta13-Triunfo-Estadio-LimitePerimetroTunja",
        "_segmentIndex": 0,
        "_position": 22
      },
      "geometry": {
        "type": "Point",
        "coordinates": [
          -73.34592618466293,
          5.551068491873636
        ]
      }
    },
    {
      "type": "Feature",
      "properties": {
        "_source": "Ruta13-Triunfo-Estadio-LimitePerimetroTunja",
        "_segmentIndex": 0,
        "_position": 23
      },
      "geometry": {
        "type": "Point",
        "coordinates": [
          -73.34588370136402,
          5.551516159538421
        ]
      }
    },
    {
      "type": "Feature",
      "properties": {
        "_source": "Ruta13-Triunfo-Estadio-LimitePerimetroTunja",
        "_segmentIndex": 0,
        "_position": 24
      },
      "geometry": {
        "type": "Point",
        "coordinates": [
          -73.3458423943968,
          5.5519639355915285
        ]
      }
    },
    {
      "type": "Feature",
      "properties": {
        "_source": "Ruta13-Triunfo-Estadio-LimitePerimetroTunja",
        "_segmentIndex": 0,
        "_position": 25
      },
      "geometry": {
        "type": "Point",
        "coordinates": [
          -73.34580158907454,
          5.552411757868357
        ]
      }
    },
    {
      "type": "Feature",
      "properties": {
        "_source": "Ruta13-Triunfo-Estadio-LimitePerimetroTunja",
        "_segmentIndex": 0,
        "_position": 26
      },
      "geometry": {
        "type": "Point",
        "coordinates": [
          -73.34576078369028,
          5.552859580142386
        ]
      }
    },
    {
      "type": "Feature",
      "properties": {
        "_source": "Ruta13-Triunfo-Estadio-LimitePerimetroTunja",
        "_segmentIndex": 0,
        "_position": 27
      },
      "geometry": {
        "type": "Point",
        "coordinates": [
          -73.34571997824399,
          5.553307402413616
        ]
      }
    },
    {
      "type": "Feature",
      "properties": {
        "_source": "Ruta13-Triunfo-Estadio-LimitePerimetroTunja",
        "_segmentIndex": 0,
        "_position": 28
      },
      "geometry": {
        "type": "Point",
        "coordinates": [
          -73.34567917273569,
          5.553755224682048
        ]
      }
    },
    {
      "type": "Feature",
      "properties": {
        "_source": "Ruta13-Triunfo-Estadio-LimitePerimetroTunja",
        "_segmentIndex": 0,
        "_position": 29
      },
      "geometry": {
        "type": "Point",
        "coordinates": [
          -73.34563836716536,
          5.55420304694768
        ]
      }
    },
    {
      "type": "Feature",
      "properties": {
        "_source": "Ruta13-Triunfo-Estadio-LimitePerimetroTunja",
        "_segmentIndex": 0,
        "_position": 30
      },
      "geometry": {
        "type": "Point",
        "coordinates": [
          -73.3455858427365,
          5.554649644013315
        ]
      }
    },
    {
      "type": "Feature",
      "properties": {
        "_source": "Ruta13-Triunfo-Estadio-LimitePerimetroTunja",
        "_segmentIndex": 0,
        "_position": 31
      },
      "geometry": {
        "type": "Point",
        "coordinates": [
          -73.3454868790494,
          5.5550861039905834
        ]
      }
    },
    {
      "type": "Feature",
      "properties": {
        "_source": "Ruta13-Triunfo-Estadio-LimitePerimetroTunja",
        "_segmentIndex": 0,
        "_position": 32
      },
      "geometry": {
        "type": "Point",
        "coordinates": [
          -73.34534575637022,
          5.555513262905925
        ]
      }
    },
    {
      "type": "Feature",
      "properties": {
        "_source": "Ruta13-Triunfo-Estadio-LimitePerimetroTunja",
        "_segmentIndex": 0,
        "_position": 33
      },
      "geometry": {
        "type": "Point",
        "coordinates": [
          -73.3452086657344,
          5.555941721293586
        ]
      }
    },
    {
      "type": "Feature",
      "properties": {
        "_source": "Ruta13-Triunfo-Estadio-LimitePerimetroTunja",
        "_segmentIndex": 0,
        "_position": 34
      },
      "geometry": {
        "type": "Point",
        "coordinates": [
          -73.34507157489912,
          5.556370179649641
        ]
      }
    },
    {
      "type": "Feature",
      "properties": {
        "_source": "Ruta13-Triunfo-Estadio-LimitePerimetroTunja",
        "_segmentIndex": 0,
        "_position": 35
      },
      "geometry": {
        "type": "Point",
        "coordinates": [
          -73.34493448386439,
          5.556798637974084
        ]
      }
    },
    {
      "type": "Feature",
      "properties": {
        "_source": "Ruta13-Triunfo-Estadio-LimitePerimetroTunja",
        "_segmentIndex": 0,
        "_position": 36
      },
      "geometry": {
        "type": "Point",
        "coordinates": [
          -73.34479739263017,
          5.557227096266914
        ]
      }
    },
    {
      "type": "Feature",
      "properties": {
        "_source": "Ruta13-Triunfo-Estadio-LimitePerimetroTunja",
        "_segmentIndex": 0,
        "_position": 37
      },
      "geometry": {
        "type": "Point",
        "coordinates": [
          -73.34466030119647,
          5.557655554528129
        ]
      }
    },
    {
      "type": "Feature",
      "properties": {
        "_source": "Ruta13-Triunfo-Estadio-LimitePerimetroTunja",
        "_segmentIndex": 0,
        "_position": 38
      },
      "geometry": {
        "type": "Point",
        "coordinates": [
          -73.3444212331376,
          5.558034200901765
        ]
      }
    },
    {
      "type": "Feature",
      "properties": {
        "_source": "Ruta13-Triunfo-Estadio-LimitePerimetroTunja",
        "_segmentIndex": 0,
        "_position": 39
      },
      "geometry": {
        "type": "Point",
        "coordinates": [
          -73.34413039835471,
          5.55837821775964
        ]
      }
    },
    {
      "type": "Feature",
      "properties": {
        "_source": "Ruta13-Triunfo-Estadio-LimitePerimetroTunja",
        "_segmentIndex": 0,
        "_position": 40
      },
      "geometry": {
        "type": "Point",
        "coordinates": [
          -73.3438318103716,
          5.558715672915373
        ]
      }
    },
    {
      "type": "Feature",
      "properties": {
        "_source": "Ruta13-Triunfo-Estadio-LimitePerimetroTunja",
        "_segmentIndex": 0,
        "_position": 41
      },
      "geometry": {
        "type": "Point",
        "coordinates": [
          -73.3435332220462,
          5.5590531279210875
        ]
      }
    },
    {
      "type": "Feature",
      "properties": {
        "_source": "Ruta13-Triunfo-Estadio-LimitePerimetroTunja",
        "_segmentIndex": 0,
        "_position": 42
      },
      "geometry": {
        "type": "Point",
        "coordinates": [
          -73.34323463337849,
          5.559390582776775
        ]
      }
    },
    {
      "type": "Feature",
      "properties": {
        "_source": "Ruta13-Triunfo-Estadio-LimitePerimetroTunja",
        "_segmentIndex": 0,
        "_position": 43
      },
      "geometry": {
        "type": "Point",
        "coordinates": [
          -73.34293604436841,
          5.559728037482422
        ]
      }
    },
    {
      "type": "Feature",
      "properties": {
        "_source": "Ruta13-Triunfo-Estadio-LimitePerimetroTunja",
        "_segmentIndex": 0,
        "_position": 44
      },
      "geometry": {
        "type": "Point",
        "coordinates": [
          -73.34263745501597,
          5.560065492038024
        ]
      }
    },
    {
      "type": "Feature",
      "properties": {
        "_source": "Ruta13-Triunfo-Estadio-LimitePerimetroTunja",
        "_segmentIndex": 0,
        "_position": 45
      },
      "geometry": {
        "type": "Point",
        "coordinates": [
          -73.34233185225344,
          5.5603966573842944
        ]
      }
    },
    {
      "type": "Feature",
      "properties": {
        "_source": "Ruta13-Triunfo-Estadio-LimitePerimetroTunja",
        "_segmentIndex": 0,
        "_position": 46
      },
      "geometry": {
        "type": "Point",
        "coordinates": [
          -73.34202565128807,
          5.560727286435368
        ]
      }
    },
    {
      "type": "Feature",
      "properties": {
        "_source": "Ruta13-Triunfo-Estadio-LimitePerimetroTunja",
        "_segmentIndex": 0,
        "_position": 47
      },
      "geometry": {
        "type": "Point",
        "coordinates": [
          -73.34171944997864,
          5.56105791532862
        ]
      }
    },
    {
      "type": "Feature",
      "properties": {
        "_source": "Ruta13-Triunfo-Estadio-LimitePerimetroTunja",
        "_segmentIndex": 0,
        "_position": 48
      },
      "geometry": {
        "type": "Point",
        "coordinates": [
          -73.34139452806066,
          5.5613685524191565
        ]
      }
    },
    {
      "type": "Feature",
      "properties": {
        "_source": "Ruta13-Triunfo-Estadio-LimitePerimetroTunja",
        "_segmentIndex": 0,
        "_position": 49
      },
      "geometry": {
        "type": "Point",
        "coordinates": [
          -73.34104162871871,
          5.561649312176273
        ]
      }
    },
    {
      "type": "Feature",
      "properties": {
        "_source": "Ruta13-Triunfo-Estadio-LimitePerimetroTunja",
        "_segmentIndex": 0,
        "_position": 50
      },
      "geometry": {
        "type": "Point",
        "coordinates": [
          -73.34068836289433,
          5.561929614076284
        ]
      }
    },
    {
      "type": "Feature",
      "properties": {
        "_source": "Ruta13-Triunfo-Estadio-LimitePerimetroTunja",
        "_segmentIndex": 0,
        "_position": 51
      },
      "geometry": {
        "type": "Point",
        "coordinates": [
          -73.34033441467831,
          5.562209063261308
        ]
      }
    },
    {
      "type": "Feature",
      "properties": {
        "_source": "Ruta13-Triunfo-Estadio-LimitePerimetroTunja",
        "_segmentIndex": 0,
        "_position": 52
      },
      "geometry": {
        "type": "Point",
        "coordinates": [
          -73.33998046612606,
          5.5624885122353955
        ]
      }
    },
    {
      "type": "Feature",
      "properties": {
        "_source": "Ruta13-Triunfo-Estadio-LimitePerimetroTunja",
        "_segmentIndex": 0,
        "_position": 53
      },
      "geometry": {
        "type": "Point",
        "coordinates": [
          -73.33962654331341,
          5.562767993664493
        ]
      }
    },
    {
      "type": "Feature",
      "properties": {
        "_source": "Ruta13-Triunfo-Estadio-LimitePerimetroTunja",
        "_segmentIndex": 0,
        "_position": 54
      },
      "geometry": {
        "type": "Point",
        "coordinates": [
          -73.33927302371303,
          5.563047980419699
        ]
      }
    },
    {
      "type": "Feature",
      "properties": {
        "_source": "Ruta13-Triunfo-Estadio-LimitePerimetroTunja",
        "_segmentIndex": 0,
        "_position": 55
      },
      "geometry": {
        "type": "Point",
        "coordinates": [
          -73.33891950377614,
          5.563327966964452
        ]
      }
    },
    {
      "type": "Feature",
      "properties": {
        "_source": "Ruta13-Triunfo-Estadio-LimitePerimetroTunja",
        "_segmentIndex": 0,
        "_position": 56
      },
      "geometry": {
        "type": "Point",
        "coordinates": [
          -73.33856598350269,
          5.563607953298736
        ]
      }
    },
    {
      "type": "Feature",
      "properties": {
        "_source": "Ruta13-Triunfo-Estadio-LimitePerimetroTunja",
        "_segmentIndex": 0,
        "_position": 57
      },
      "geometry": {
        "type": "Point",
        "coordinates": [
          -73.33821246289268,
          5.563887939422543
        ]
      }
    },
    {
      "type": "Feature",
      "properties": {
        "_source": "Ruta13-Triunfo-Estadio-LimitePerimetroTunja",
        "_segmentIndex": 0,
        "_position": 58
      },
      "geometry": {
        "type": "Point",
        "coordinates": [
          -73.3378589419461,
          5.564167925335859
        ]
      }
    },
    {
      "type": "Feature",
      "properties": {
        "_source": "Ruta13-Triunfo-Estadio-LimitePerimetroTunja",
        "_segmentIndex": 0,
        "_position": 59
      },
      "geometry": {
        "type": "Point",
        "coordinates": [
          -73.33750542066292,
          5.564447911038677
        ]
      }
    },
    {
      "type": "Feature",
      "properties": {
        "_source": "Ruta13-Triunfo-Estadio-LimitePerimetroTunja",
        "_segmentIndex": 0,
        "_position": 60
      },
      "geometry": {
        "type": "Point",
        "coordinates": [
          -73.33715189904314,
          5.564727896530982
        ]
      }
    },
    {
      "type": "Feature",
      "properties": {
        "_source": "Ruta13-Triunfo-Estadio-LimitePerimetroTunja",
        "_segmentIndex": 0,
        "_position": 61
      },
      "geometry": {
        "type": "Point",
        "coordinates": [
          -73.33678334365945,
          5.56498776258245
        ]
      }
    },
    {
      "type": "Feature",
      "properties": {
        "_source": "Ruta13-Triunfo-Estadio-LimitePerimetroTunja",
        "_segmentIndex": 0,
        "_position": 62
      },
      "geometry": {
        "type": "Point",
        "coordinates": [
          -73.33640437946336,
          5.565232570372812
        ]
      }
    },
    {
      "type": "Feature",
      "properties": {
        "_source": "Ruta13-Triunfo-Estadio-LimitePerimetroTunja",
        "_segmentIndex": 0,
        "_position": 63
      },
      "geometry": {
        "type": "Point",
        "coordinates": [
          -73.33602540770245,
          5.565477367173784
        ]
      }
    },
    {
      "type": "Feature",
      "properties": {
        "_source": "Ruta13-Triunfo-Estadio-LimitePerimetroTunja",
        "_segmentIndex": 0,
        "_position": 64
      },
      "geometry": {
        "type": "Point",
        "coordinates": [
          -73.33564643562602,
          5.565722163732801
        ]
      }
    },
    {
      "type": "Feature",
      "properties": {
        "_source": "Ruta13-Triunfo-Estadio-LimitePerimetroTunja",
        "_segmentIndex": 0,
        "_position": 65
      },
      "geometry": {
        "type": "Point",
        "coordinates": [
          -73.33526746323399,
          5.565966960049849
        ]
      }
    },
    {
      "type": "Feature",
      "properties": {
        "_source": "Ruta13-Triunfo-Estadio-LimitePerimetroTunja",
        "_segmentIndex": 0,
        "_position": 66
      },
      "geometry": {
        "type": "Point",
        "coordinates": [
          -73.3348982338435,
          5.566224543047856
        ]
      }
    },
    {
      "type": "Feature",
      "properties": {
        "_source": "Ruta13-Triunfo-Estadio-LimitePerimetroTunja",
        "_segmentIndex": 0,
        "_position": 67
      },
      "geometry": {
        "type": "Point",
        "coordinates": [
          -73.33455917512013,
          5.5665217216145155
        ]
      }
    },
    {
      "type": "Feature",
      "properties": {
        "_source": "Ruta13-Triunfo-Estadio-LimitePerimetroTunja",
        "_segmentIndex": 0,
        "_position": 68
      },
      "geometry": {
        "type": "Point",
        "coordinates": [
          -73.33422011605396,
          5.566818899987465
        ]
      }
    },
    {
      "type": "Feature",
      "properties": {
        "_source": "Ruta13-Triunfo-Estadio-LimitePerimetroTunja",
        "_segmentIndex": 0,
        "_position": 69
      },
      "geometry": {
        "type": "Point",
        "coordinates": [
          -73.33388105664498,
          5.567116078166692
        ]
      }
    },
    {
      "type": "Feature",
      "properties": {
        "_source": "Ruta13-Triunfo-Estadio-LimitePerimetroTunja",
        "_segmentIndex": 0,
        "_position": 70
      },
      "geometry": {
        "type": "Point",
        "coordinates": [
          -73.33354117969733,
          5.567412322509475
        ]
      }
    },
    {
      "type": "Feature",
      "properties": {
        "_source": "Ruta13-Triunfo-Estadio-LimitePerimetroTunja",
        "_segmentIndex": 0,
        "_position": 71
      },
      "geometry": {
        "type": "Point",
        "coordinates": [
          -73.33319893490867,
          5.5677058617991495
        ]
      }
    },
    {
      "type": "Feature",
      "properties": {
        "_source": "Ruta13-Triunfo-Estadio-LimitePerimetroTunja",
        "_segmentIndex": 0,
        "_position": 72
      },
      "geometry": {
        "type": "Point",
        "coordinates": [
          -73.33285668977815,
          5.567999400891414
        ]
      }
    },
    {
      "type": "Feature",
      "properties": {
        "_source": "Ruta13-Triunfo-Estadio-LimitePerimetroTunja",
        "_segmentIndex": 0,
        "_position": 73
      },
      "geometry": {
        "type": "Point",
        "coordinates": [
          -73.33251444430577,
          5.568292939786257
        ]
      }
    },
    {
      "type": "Feature",
      "properties": {
        "_source": "Ruta13-Triunfo-Estadio-LimitePerimetroTunja",
        "_segmentIndex": 0,
        "_position": 74
      },
      "geometry": {
        "type": "Point",
        "coordinates": [
          -73.33221990296332,
          5.568625996738469
        ]
      }
    },
    {
      "type": "Feature",
      "properties": {
        "_source": "Ruta13-Triunfo-Estadio-LimitePerimetroTunja",
        "_segmentIndex": 0,
        "_position": 0
      },
      "geometry": {
        "type": "Point",
        "coordinates": [
          -73.332068,
          5.568971
        ]
      }
    },
    {
      "type": "Feature",
      "properties": {
        "_source": "Ruta13-Triunfo-Estadio-LimitePerimetroTunja",
        "_segmentIndex": 0,
        "_position": 1
      },
      "geometry": {
        "type": "Point",
        "coordinates": [
          -73.3321198643026,
          5.569320966645453
        ]
      }
    },
    {
      "type": "Feature",
      "properties": {
        "_source": "Ruta13-Triunfo-Estadio-LimitePerimetroTunja",
        "_segmentIndex": 0,
        "_position": 2
      },
      "geometry": {
        "type": "Point",
        "coordinates": [
          -73.33245682499114,
          5.569591978813509
        ]
      }
    },
    {
      "type": "Feature",
      "properties": {
        "_source": "Ruta13-Triunfo-Estadio-LimitePerimetroTunja",
        "_segmentIndex": 0,
        "_position": 3
      },
      "geometry": {
        "type": "Point",
        "coordinates": [
          -73.3326958114158,
          5.569973479639148
        ]
      }
    },
    {
      "type": "Feature",
      "properties": {
        "_source": "Ruta13-Triunfo-Estadio-LimitePerimetroTunja",
        "_segmentIndex": 0,
        "_position": 4
      },
      "geometry": {
        "type": "Point",
        "coordinates": [
          -73.33292407463122,
          5.570361527426477
        ]
      }
    },
    {
      "type": "Feature",
      "properties": {
        "_source": "Ruta13-Triunfo-Estadio-LimitePerimetroTunja",
        "_segmentIndex": 0,
        "_position": 5
      },
      "geometry": {
        "type": "Point",
        "coordinates": [
          -73.3331523381482,
          5.570749575125948
        ]
      }
    },
    {
      "type": "Feature",
      "properties": {
        "_source": "Ruta13-Triunfo-Estadio-LimitePerimetroTunja",
        "_segmentIndex": 0,
        "_position": 6
      },
      "geometry": {
        "type": "Point",
        "coordinates": [
          -73.33342618288057,
          5.571104346001335
        ]
      }
    },
    {
      "type": "Feature",
      "properties": {
        "_source": "Ruta13-Triunfo-Estadio-LimitePerimetroTunja",
        "_segmentIndex": 0,
        "_position": 7
      },
      "geometry": {
        "type": "Point",
        "coordinates": [
          -73.33372951434016,
          5.571437589942385
        ]
      }
    },
    {
      "type": "Feature",
      "properties": {
        "_source": "Ruta13-Triunfo-Estadio-LimitePerimetroTunja",
        "_segmentIndex": 0,
        "_position": 0
      },
      "geometry": {
        "type": "Point",
        "coordinates": [
          -73.334036,
          5.571655
        ]
      }
    },
    {
      "type": "Feature",
      "properties": {
        "_source": "Ruta13-Triunfo-Estadio-LimitePerimetroTunja",
        "_segmentIndex": 0,
        "_position": 1
      },
      "geometry": {
        "type": "Point",
        "coordinates": [
          -73.33432574864091,
          5.571310446814993
        ]
      }
    },
    {
      "type": "Feature",
      "properties": {
        "_source": "Ruta13-Triunfo-Estadio-LimitePerimetroTunja",
        "_segmentIndex": 0,
        "_position": 2
      },
      "geometry": {
        "type": "Point",
        "coordinates": [
          -73.33464874058967,
          5.570996767332332
        ]
      }
    },
    {
      "type": "Feature",
      "properties": {
        "_source": "Ruta13-Triunfo-Estadio-LimitePerimetroTunja",
        "_segmentIndex": 0,
        "_position": 3
      },
      "geometry": {
        "type": "Point",
        "coordinates": [
          -73.3350618894997,
          5.570819422871845
        ]
      }
    },
    {
      "type": "Feature",
      "properties": {
        "_source": "Ruta13-Triunfo-Estadio-LimitePerimetroTunja",
        "_segmentIndex": 0,
        "_position": 4
      },
      "geometry": {
        "type": "Point",
        "coordinates": [
          -73.33548907341228,
          5.570673282718321
        ]
      }
    },
    {
      "type": "Feature",
      "properties": {
        "_source": "Ruta13-Triunfo-Estadio-LimitePerimetroTunja",
        "_segmentIndex": 0,
        "_position": 5
      },
      "geometry": {
        "type": "Point",
        "coordinates": [
          -73.33588732207826,
          5.5704618231972765
        ]
      }
    },
    {
      "type": "Feature",
      "properties": {
        "_source": "Ruta13-Triunfo-Estadio-LimitePerimetroTunja",
        "_segmentIndex": 0,
        "_position": 6
      },
      "geometry": {
        "type": "Point",
        "coordinates": [
          -73.33627637593543,
          5.570233279170426
        ]
      }
    },
    {
      "type": "Feature",
      "properties": {
        "_source": "Ruta13-Triunfo-Estadio-LimitePerimetroTunja",
        "_segmentIndex": 0,
        "_position": 7
      },
      "geometry": {
        "type": "Point",
        "coordinates": [
          -73.33666446813163,
          5.57000306680308
        ]
      }
    },
    {
      "type": "Feature",
      "properties": {
        "_source": "Ruta13-Triunfo-Estadio-LimitePerimetroTunja",
        "_segmentIndex": 0,
        "_position": 8
      },
      "geometry": {
        "type": "Point",
        "coordinates": [
          -73.33705256002372,
          5.569772854181787
        ]
      }
    },
    {
      "type": "Feature",
      "properties": {
        "_source": "Ruta13-Triunfo-Estadio-LimitePerimetroTunja",
        "_segmentIndex": 0,
        "_position": 0
      },
      "geometry": {
        "type": "Point",
        "coordinates": [
          -73.337054,
          5.569772
        ]
      }
    },
    {
      "type": "Feature",
      "properties": {
        "_source": "Ruta13-Triunfo-Estadio-LimitePerimetroTunja",
        "_segmentIndex": 0,
        "_position": 1
      },
      "geometry": {
        "type": "Point",
        "coordinates": [
          -73.33749847417492,
          5.569710270007342
        ]
      }
    },
    {
      "type": "Feature",
      "properties": {
        "_source": "Ruta13-Triunfo-Estadio-LimitePerimetroTunja",
        "_segmentIndex": 0,
        "_position": 2
      },
      "geometry": {
        "type": "Point",
        "coordinates": [
          -73.3378936535104,
          5.56951807853077
        ]
      }
    },
    {
      "type": "Feature",
      "properties": {
        "_source": "Ruta13-Triunfo-Estadio-LimitePerimetroTunja",
        "_segmentIndex": 0,
        "_position": 3
      },
      "geometry": {
        "type": "Point",
        "coordinates": [
          -73.33807382836982,
          5.569111394251041
        ]
      }
    },
    {
      "type": "Feature",
      "properties": {
        "_source": "Ruta13-Triunfo-Estadio-LimitePerimetroTunja",
        "_segmentIndex": 0,
        "_position": 4
      },
      "geometry": {
        "type": "Point",
        "coordinates": [
          -73.33825907336963,
          5.56870204175845
        ]
      }
    },
    {
      "type": "Feature",
      "properties": {
        "_source": "Ruta13-Triunfo-Estadio-LimitePerimetroTunja",
        "_segmentIndex": 0,
        "_position": 0
      },
      "geometry": {
        "type": "Point",
        "coordinates": [
          -73.338376,
          5.568688
        ]
      }
    },
    {
      "type": "Feature",
      "properties": {
        "_source": "Ruta13-Triunfo-Estadio-LimitePerimetroTunja",
        "_segmentIndex": 0,
        "_position": 1
      },
      "geometry": {
        "type": "Point",
        "coordinates": [
          -73.3383998207334,
          5.5691310637449005
        ]
      }
    },
    {
      "type": "Feature",
      "properties": {
        "_source": "Ruta13-Triunfo-Estadio-LimitePerimetroTunja",
        "_segmentIndex": 0,
        "_position": 0
      },
      "geometry": {
        "type": "Point",
        "coordinates": [
          -73.338553,
          5.569398
        ]
      }
    },
    {
      "type": "Feature",
      "properties": {
        "_source": "Ruta13-Triunfo-Estadio-LimitePerimetroTunja",
        "_segmentIndex": 0,
        "_position": 1
      },
      "geometry": {
        "type": "Point",
        "coordinates": [
          -73.33890994638509,
          5.569673651397768
        ]
      }
    },
    {
      "type": "Feature",
      "properties": {
        "_source": "Ruta13-Triunfo-Estadio-LimitePerimetroTunja",
        "_segmentIndex": 0,
        "_position": 2
      },
      "geometry": {
        "type": "Point",
        "coordinates": [
          -73.3392668931051,
          5.569949302580728
        ]
      }
    },
    {
      "type": "Feature",
      "properties": {
        "_source": "Ruta13-Triunfo-Estadio-LimitePerimetroTunja",
        "_segmentIndex": 0,
        "_position": 3
      },
      "geometry": {
        "type": "Point",
        "coordinates": [
          -73.33962384016006,
          5.570224953548868
        ]
      }
    },
    {
      "type": "Feature",
      "properties": {
        "_source": "Ruta13-Triunfo-Estadio-LimitePerimetroTunja",
        "_segmentIndex": 0,
        "_position": 4
      },
      "geometry": {
        "type": "Point",
        "coordinates": [
          -73.33998078754999,
          5.570500604302179
        ]
      }
    },
    {
      "type": "Feature",
      "properties": {
        "_source": "Ruta13-Triunfo-Estadio-LimitePerimetroTunja",
        "_segmentIndex": 0,
        "_position": 5
      },
      "geometry": {
        "type": "Point",
        "coordinates": [
          -73.34033731175872,
          5.570776796380561
        ]
      }
    },
    {
      "type": "Feature",
      "properties": {
        "_source": "Ruta13-Triunfo-Estadio-LimitePerimetroTunja",
        "_segmentIndex": 0,
        "_position": 6
      },
      "geometry": {
        "type": "Point",
        "coordinates": [
          -73.34069340926656,
          5.571053534285804
        ]
      }
    },
    {
      "type": "Feature",
      "properties": {
        "_source": "Ruta13-Triunfo-Estadio-LimitePerimetroTunja",
        "_segmentIndex": 0,
        "_position": 7
      },
      "geometry": {
        "type": "Point",
        "coordinates": [
          -73.34104950710994,
          5.571330271977209
        ]
      }
    },
    {
      "type": "Feature",
      "properties": {
        "_source": "Ruta13-Triunfo-Estadio-LimitePerimetroTunja",
        "_segmentIndex": 0,
        "_position": 8
      },
      "geometry": {
        "type": "Point",
        "coordinates": [
          -73.34140560528887,
          5.5716070094547625
        ]
      }
    },
    {
      "type": "Feature",
      "properties": {
        "_source": "Ruta13-Triunfo-Estadio-LimitePerimetroTunja",
        "_segmentIndex": 0,
        "_position": 9
      },
      "geometry": {
        "type": "Point",
        "coordinates": [
          -73.34176388887519,
          5.571880710140576
        ]
      }
    },
    {
      "type": "Feature",
      "properties": {
        "_source": "Ruta13-Triunfo-Estadio-LimitePerimetroTunja",
        "_segmentIndex": 0,
        "_position": 0
      },
      "geometry": {
        "type": "Point",
        "coordinates": [
          -73.341898,
          5.57218
        ]
      }
    },
    {
      "type": "Feature",
      "properties": {
        "_source": "Ruta13-Triunfo-Estadio-LimitePerimetroTunja",
        "_segmentIndex": 0,
        "_position": 1
      },
      "geometry": {
        "type": "Point",
        "coordinates": [
          -73.34165019195346,
          5.572555984672114
        ]
      }
    },
    {
      "type": "Feature",
      "properties": {
        "_source": "Ruta13-Triunfo-Estadio-LimitePerimetroTunja",
        "_segmentIndex": 0,
        "_position": 2
      },
      "geometry": {
        "type": "Point",
        "coordinates": [
          -73.3413950442753,
          5.572927053325369
        ]
      }
    },
    {
      "type": "Feature",
      "properties": {
        "_source": "Ruta13-Triunfo-Estadio-LimitePerimetroTunja",
        "_segmentIndex": 0,
        "_position": 3
      },
      "geometry": {
        "type": "Point",
        "coordinates": [
          -73.34113839026497,
          5.573297113134456
        ]
      }
    },
    {
      "type": "Feature",
      "properties": {
        "_source": "Ruta13-Triunfo-Estadio-LimitePerimetroTunja",
        "_segmentIndex": 0,
        "_position": 4
      },
      "geometry": {
        "type": "Point",
        "coordinates": [
          -73.34088173593113,
          5.573667172832416
        ]
      }
    },
    {
      "type": "Feature",
      "properties": {
        "_source": "Ruta13-Triunfo-Estadio-LimitePerimetroTunja",
        "_segmentIndex": 0,
        "_position": 5
      },
      "geometry": {
        "type": "Point",
        "coordinates": [
          -73.34062508127376,
          5.57403723241924
        ]
      }
    },
    {
      "type": "Feature",
      "properties": {
        "_source": "Ruta13-Triunfo-Estadio-LimitePerimetroTunja",
        "_segmentIndex": 0,
        "_position": 6
      },
      "geometry": {
        "type": "Point",
        "coordinates": [
          -73.34036576067712,
          5.574405413970874
        ]
      }
    },
    {
      "type": "Feature",
      "properties": {
        "_source": "Ruta13-Triunfo-Estadio-LimitePerimetroTunja",
        "_segmentIndex": 0,
        "_position": 7
      },
      "geometry": {
        "type": "Point",
        "coordinates": [
          -73.3401386555654,
          5.574788917429836
        ]
      }
    },
    {
      "type": "Feature",
      "properties": {
        "_source": "Ruta13-Triunfo-Estadio-LimitePerimetroTunja",
        "_segmentIndex": 0,
        "_position": 8
      },
      "geometry": {
        "type": "Point",
        "coordinates": [
          -73.3398836888356,
          5.575160122678927
        ]
      }
    },
    {
      "type": "Feature",
      "properties": {
        "_source": "Ruta13-Triunfo-Estadio-LimitePerimetroTunja",
        "_segmentIndex": 0,
        "_position": 9
      },
      "geometry": {
        "type": "Point",
        "coordinates": [
          -73.33962331077151,
          5.575527144970413
        ]
      }
    },
    {
      "type": "Feature",
      "properties": {
        "_source": "Ruta13-Triunfo-Estadio-LimitePerimetroTunja",
        "_segmentIndex": 0,
        "_position": 10
      },
      "geometry": {
        "type": "Point",
        "coordinates": [
          -73.33936268669993,
          5.5758943818190945
        ]
      }
    },
    {
      "type": "Feature",
      "properties": {
        "_source": "Ruta13-Triunfo-Estadio-LimitePerimetroTunja",
        "_segmentIndex": 0,
        "_position": 11
      },
      "geometry": {
        "type": "Point",
        "coordinates": [
          -73.33910366031914,
          5.576262801535492
        ]
      }
    },
    {
      "type": "Feature",
      "properties": {
        "_source": "Ruta13-Triunfo-Estadio-LimitePerimetroTunja",
        "_segmentIndex": 0,
        "_position": 12
      },
      "geometry": {
        "type": "Point",
        "coordinates": [
          -73.33884463361312,
          5.576631221138637
        ]
      }
    },
    {
      "type": "Feature",
      "properties": {
        "_source": "Ruta13-Triunfo-Estadio-LimitePerimetroTunja",
        "_segmentIndex": 0,
        "_position": 13
      },
      "geometry": {
        "type": "Point",
        "coordinates": [
          -73.33858889052831,
          5.577001890142054
        ]
      }
    },
    {
      "type": "Feature",
      "properties": {
        "_source": "Ruta13-Triunfo-Estadio-LimitePerimetroTunja",
        "_segmentIndex": 0,
        "_position": 14
      },
      "geometry": {
        "type": "Point",
        "coordinates": [
          -73.33833563433572,
          5.577374262785745
        ]
      }
    },
    {
      "type": "Feature",
      "properties": {
        "_source": "Ruta13-Triunfo-Estadio-LimitePerimetroTunja",
        "_segmentIndex": 0,
        "_position": 15
      },
      "geometry": {
        "type": "Point",
        "coordinates": [
          -73.33808237782165,
          5.577746635321153
        ]
      }
    },
    {
      "type": "Feature",
      "properties": {
        "_source": "Ruta13-Triunfo-Estadio-LimitePerimetroTunja",
        "_segmentIndex": 0,
        "_position": 16
      },
      "geometry": {
        "type": "Point",
        "coordinates": [
          -73.33783360896632,
          5.578121981275247
        ]
      }
    },
    {
      "type": "Feature",
      "properties": {
        "_source": "Ruta13-Triunfo-Estadio-LimitePerimetroTunja",
        "_segmentIndex": 0,
        "_position": 17
      },
      "geometry": {
        "type": "Point",
        "coordinates": [
          -73.33758396214935,
          5.578496745987814
        ]
      }
    },
    {
      "type": "Feature",
      "properties": {
        "_source": "Ruta13-Triunfo-Estadio-LimitePerimetroTunja",
        "_segmentIndex": 0,
        "_position": 18
      },
      "geometry": {
        "type": "Point",
        "coordinates": [
          -73.33733078756607,
          5.578869174032469
        ]
      }
    },
    {
      "type": "Feature",
      "properties": {
        "_source": "Ruta13-Triunfo-Estadio-LimitePerimetroTunja",
        "_segmentIndex": 0,
        "_position": 0
      },
      "geometry": {
        "type": "Point",
        "coordinates": [
          -73.337284,
          5.578938
        ]
      }
    },
    {
      "type": "Feature",
      "properties": {
        "_source": "Ruta13-Triunfo-Estadio-LimitePerimetroTunja",
        "_segmentIndex": 0,
        "_position": 1
      },
      "geometry": {
        "type": "Point",
        "coordinates": [
          -73.3376106622279,
          5.5792478548223405
        ]
      }
    },
    {
      "type": "Feature",
      "properties": {
        "_source": "Ruta13-Triunfo-Estadio-LimitePerimetroTunja",
        "_segmentIndex": 0,
        "_position": 2
      },
      "geometry": {
        "type": "Point",
        "coordinates": [
          -73.33794647386121,
          5.579548655001841
        ]
      }
    },
    {
      "type": "Feature",
      "properties": {
        "_source": "Ruta13-Triunfo-Estadio-LimitePerimetroTunja",
        "_segmentIndex": 0,
        "_position": 3
      },
      "geometry": {
        "type": "Point",
        "coordinates": [
          -73.33828544832566,
          5.57984593707634
        ]
      }
    },
    {
      "type": "Feature",
      "properties": {
        "_source": "Ruta13-Triunfo-Estadio-LimitePerimetroTunja",
        "_segmentIndex": 0,
        "_position": 4
      },
      "geometry": {
        "type": "Point",
        "coordinates": [
          -73.33862412513427,
          5.58014352725094
        ]
      }
    },
    {
      "type": "Feature",
      "properties": {
        "_source": "Ruta13-Triunfo-Estadio-LimitePerimetroTunja",
        "_segmentIndex": 0,
        "_position": 5
      },
      "geometry": {
        "type": "Point",
        "coordinates": [
          -73.33895232946043,
          5.580452258167035
        ]
      }
    },
    {
      "type": "Feature",
      "properties": {
        "_source": "Ruta13-Triunfo-Estadio-LimitePerimetroTunja",
        "_segmentIndex": 0,
        "_position": 6
      },
      "geometry": {
        "type": "Point",
        "coordinates": [
          -73.33929445301182,
          5.580745946190548
        ]
      }
    },
    {
      "type": "Feature",
      "properties": {
        "_source": "Ruta13-Triunfo-Estadio-LimitePerimetroTunja",
        "_segmentIndex": 0,
        "_position": 0
      },
      "geometry": {
        "type": "Point",
        "coordinates": [
          -73.339427,
          5.580714
        ]
      }
    },
    {
      "type": "Feature",
      "properties": {
        "_source": "Ruta13-Triunfo-Estadio-LimitePerimetroTunja",
        "_segmentIndex": 0,
        "_position": 1
      },
      "geometry": {
        "type": "Point",
        "coordinates": [
          -73.33972315625289,
          5.580374419117593
        ]
      }
    },
    {
      "type": "Feature",
      "properties": {
        "_source": "Ruta13-Triunfo-Estadio-LimitePerimetroTunja",
        "_segmentIndex": 0,
        "_position": 2
      },
      "geometry": {
        "type": "Point",
        "coordinates": [
          -73.34001703272774,
          5.5800328853495245
        ]
      }
    },
    {
      "type": "Feature",
      "properties": {
        "_source": "Ruta13-Triunfo-Estadio-LimitePerimetroTunja",
        "_segmentIndex": 0,
        "_position": 3
      },
      "geometry": {
        "type": "Point",
        "coordinates": [
          -73.34031212787175,
          5.579692390967163
        ]
      }
    },
    {
      "type": "Feature",
      "properties": {
        "_source": "Ruta13-Triunfo-Estadio-LimitePerimetroTunja",
        "_segmentIndex": 0,
        "_position": 0
      },
      "geometry": {
        "type": "Point",
        "coordinates": [
          -73.340372,
          5.579609
        ]
      }
    },
    {
      "type": "Feature",
      "properties": {
        "_source": "Ruta13-Triunfo-Estadio-LimitePerimetroTunja",
        "_segmentIndex": 0,
        "_position": 1
      },
      "geometry": {
        "type": "Point",
        "coordinates": [
          -73.34003338454967,
          5.579311321509527
        ]
      }
    },
    {
      "type": "Feature",
      "properties": {
        "_source": "Ruta13-Triunfo-Estadio-LimitePerimetroTunja",
        "_segmentIndex": 0,
        "_position": 2
      },
      "geometry": {
        "type": "Point",
        "coordinates": [
          -73.33969688507129,
          5.579011267134295
        ]
      }
    },
    {
      "type": "Feature",
      "properties": {
        "_source": "Ruta13-Triunfo-Estadio-LimitePerimetroTunja",
        "_segmentIndex": 0,
        "_position": 3
      },
      "geometry": {
        "type": "Point",
        "coordinates": [
          -73.33934072434022,
          5.578873816747562
        ]
      }
    },
    {
      "type": "Feature",
      "properties": {
        "_source": "Ruta13-Triunfo-Estadio-LimitePerimetroTunja",
        "_segmentIndex": 0,
        "_position": 4
      },
      "geometry": {
        "type": "Point",
        "coordinates": [
          -73.33914289751192,
          5.578533720381573
        ]
      }
    },
    {
      "type": "Feature",
      "properties": {
        "_source": "Ruta13-Triunfo-Estadio-LimitePerimetroTunja",
        "_segmentIndex": 0,
        "_position": 5
      },
      "geometry": {
        "type": "Point",
        "coordinates": [
          -73.33883167837453,
          5.578219360280916
        ]
      }
    },
    {
      "type": "Feature",
      "properties": {
        "_source": "Ruta13-Triunfo-Estadio-LimitePerimetroTunja",
        "_segmentIndex": 0,
        "_position": 6
      },
      "geometry": {
        "type": "Point",
        "coordinates": [
          -73.33849479637263,
          5.577919732061803
        ]
      }
    },
    {
      "type": "Feature",
      "properties": {
        "_source": "Ruta13-Triunfo-Estadio-LimitePerimetroTunja",
        "_segmentIndex": 0,
        "_position": 7
      },
      "geometry": {
        "type": "Point",
        "coordinates": [
          -73.33812555092193,
          5.578078919700906
        ]
      }
    },
    {
      "type": "Feature",
      "properties": {
        "_source": "Ruta13-Triunfo-Estadio-LimitePerimetroTunja",
        "_segmentIndex": 0,
        "_position": 0
      },
      "geometry": {
        "type": "Point",
        "coordinates": [
          -73.337786,
          5.578218
        ]
      }
    },
    {
      "type": "Feature",
      "properties": {
        "_source": "Ruta13-Triunfo-Estadio-LimitePerimetroTunja",
        "_segmentIndex": 0,
        "_position": 1
      },
      "geometry": {
        "type": "Point",
        "coordinates": [
          -73.3375364745868,
          5.5785928522829575
        ]
      }
    },
    {
      "type": "Feature",
      "properties": {
        "_source": "Ruta13-Triunfo-Estadio-LimitePerimetroTunja",
        "_segmentIndex": 0,
        "_position": 2
      },
      "geometry": {
        "type": "Point",
        "coordinates": [
          -73.33728059286207,
          5.578963378565821
        ]
      }
    },
    {
      "type": "Feature",
      "properties": {
        "_source": "Ruta13-Triunfo-Estadio-LimitePerimetroTunja",
        "_segmentIndex": 0,
        "_position": 3
      },
      "geometry": {
        "type": "Point",
        "coordinates": [
          -73.33702618299228,
          5.579334970780724
        ]
      }
    },
    {
      "type": "Feature",
      "properties": {
        "_source": "Ruta13-Triunfo-Estadio-LimitePerimetroTunja",
        "_segmentIndex": 0,
        "_position": 4
      },
      "geometry": {
        "type": "Point",
        "coordinates": [
          -73.33677185050105,
          5.579706616766103
        ]
      }
    },
    {
      "type": "Feature",
      "properties": {
        "_source": "Ruta13-Triunfo-Estadio-LimitePerimetroTunja",
        "_segmentIndex": 0,
        "_position": 5
      },
      "geometry": {
        "type": "Point",
        "coordinates": [
          -73.33650964493349,
          5.580072773515649
        ]
      }
    },
    {
      "type": "Feature",
      "properties": {
        "_source": "Ruta13-Triunfo-Estadio-LimitePerimetroTunja",
        "_segmentIndex": 0,
        "_position": 6
      },
      "geometry": {
        "type": "Point",
        "coordinates": [
          -73.33624794175701,
          5.580439257139708
        ]
      }
    },
    {
      "type": "Feature",
      "properties": {
        "_source": "Ruta13-Triunfo-Estadio-LimitePerimetroTunja",
        "_segmentIndex": 0,
        "_position": 7
      },
      "geometry": {
        "type": "Point",
        "coordinates": [
          -73.33599694667377,
          5.580813123820687
        ]
      }
    },
    {
      "type": "Feature",
      "properties": {
        "_source": "Ruta13-Triunfo-Estadio-LimitePerimetroTunja",
        "_segmentIndex": 0,
        "_position": 8
      },
      "geometry": {
        "type": "Point",
        "coordinates": [
          -73.33573973091937,
          5.581182799466423
        ]
      }
    },
    {
      "type": "Feature",
      "properties": {
        "_source": "Ruta13-Triunfo-Estadio-LimitePerimetroTunja",
        "_segmentIndex": 0,
        "_position": 9
      },
      "geometry": {
        "type": "Point",
        "coordinates": [
          -73.3354835036552,
          5.581553152476829
        ]
      }
    },
    {
      "type": "Feature",
      "properties": {
        "_source": "Ruta13-Triunfo-Estadio-LimitePerimetroTunja",
        "_segmentIndex": 0,
        "_position": 10
      },
      "geometry": {
        "type": "Point",
        "coordinates": [
          -73.33522834692646,
          5.581924239064969
        ]
      }
    },
    {
      "type": "Feature",
      "properties": {
        "_source": "Ruta13-Triunfo-Estadio-LimitePerimetroTunja",
        "_segmentIndex": 0,
        "_position": 11
      },
      "geometry": {
        "type": "Point",
        "coordinates": [
          -73.33497383366776,
          5.582295762826128
        ]
      }
    },
    {
      "type": "Feature",
      "properties": {
        "_source": "Ruta13-Triunfo-Estadio-LimitePerimetroTunja",
        "_segmentIndex": 0,
        "_position": 12
      },
      "geometry": {
        "type": "Point",
        "coordinates": [
          -73.33471962686495,
          5.582667494850811
        ]
      }
    },
    {
      "type": "Feature",
      "properties": {
        "_source": "Ruta13-Triunfo-Estadio-LimitePerimetroTunja",
        "_segmentIndex": 0,
        "_position": 13
      },
      "geometry": {
        "type": "Point",
        "coordinates": [
          -73.33446675903187,
          5.58304012929335
        ]
      }
    },
    {
      "type": "Feature",
      "properties": {
        "_source": "Ruta13-Triunfo-Estadio-LimitePerimetroTunja",
        "_segmentIndex": 0,
        "_position": 14
      },
      "geometry": {
        "type": "Point",
        "coordinates": [
          -73.334214347435,
          5.583413071294717
        ]
      }
    },
    {
      "type": "Feature",
      "properties": {
        "_source": "Ruta13-Triunfo-Estadio-LimitePerimetroTunja",
        "_segmentIndex": 0,
        "_position": 0
      },
      "geometry": {
        "type": "Point",
        "coordinates": [
          -73.334048,
          5.583647
        ]
      }
    },
    {
      "type": "Feature",
      "properties": {
        "_source": "Ruta13-Triunfo-Estadio-LimitePerimetroTunja",
        "_segmentIndex": 0,
        "_position": 1
      },
      "geometry": {
        "type": "Point",
        "coordinates": [
          -73.33379626255324,
          5.584020393253085
        ]
      }
    },
    {
      "type": "Feature",
      "properties": {
        "_source": "Ruta13-Triunfo-Estadio-LimitePerimetroTunja",
        "_segmentIndex": 0,
        "_position": 2
      },
      "geometry": {
        "type": "Point",
        "coordinates": [
          -73.33354426153403,
          5.584393609274618
        ]
      }
    },
    {
      "type": "Feature",
      "properties": {
        "_source": "Ruta13-Triunfo-Estadio-LimitePerimetroTunja",
        "_segmentIndex": 0,
        "_position": 3
      },
      "geometry": {
        "type": "Point",
        "coordinates": [
          -73.33328992207613,
          5.584765252025154
        ]
      }
    },
    {
      "type": "Feature",
      "properties": {
        "_source": "Ruta13-Triunfo-Estadio-LimitePerimetroTunja",
        "_segmentIndex": 0,
        "_position": 4
      },
      "geometry": {
        "type": "Point",
        "coordinates": [
          -73.33303534076869,
          5.585136730527233
        ]
      }
    },
    {
      "type": "Feature",
      "properties": {
        "_source": "Ruta13-Triunfo-Estadio-LimitePerimetroTunja",
        "_segmentIndex": 0,
        "_position": 5
      },
      "geometry": {
        "type": "Point",
        "coordinates": [
          -73.33278012830021,
          5.585507780208748
        ]
      }
    },
    {
      "type": "Feature",
      "properties": {
        "_source": "Ruta13-Triunfo-Estadio-LimitePerimetroTunja",
        "_segmentIndex": 0,
        "_position": 6
      },
      "geometry": {
        "type": "Point",
        "coordinates": [
          -73.33252491550847,
          5.585878829780144
        ]
      }
    },
    {
      "type": "Feature",
      "properties": {
        "_source": "Ruta13-Triunfo-Estadio-LimitePerimetroTunja",
        "_segmentIndex": 0,
        "_position": 7
      },
      "geometry": {
        "type": "Point",
        "coordinates": [
          -73.33226949579058,
          5.586249736733149
        ]
      }
    },
    {
      "type": "Feature",
      "properties": {
        "_source": "Ruta13-Triunfo-Estadio-LimitePerimetroTunja",
        "_segmentIndex": 0,
        "_position": 8
      },
      "geometry": {
        "type": "Point",
        "coordinates": [
          -73.33200999470434,
          5.586617828596362
        ]
      }
    },
    {
      "type": "Feature",
      "properties": {
        "_source": "Ruta13-Triunfo-Estadio-LimitePerimetroTunja",
        "_segmentIndex": 0,
        "_position": 9
      },
      "geometry": {
        "type": "Point",
        "coordinates": [
          -73.33175049329193,
          5.5869859203456995
        ]
      }
    },
    {
      "type": "Feature",
      "properties": {
        "_source": "Ruta13-Triunfo-Estadio-LimitePerimetroTunja",
        "_segmentIndex": 0,
        "_position": 10
      },
      "geometry": {
        "type": "Point",
        "coordinates": [
          -73.3314909917658,
          5.587354012126746
        ]
      }
    },
    {
      "type": "Feature",
      "properties": {
        "_source": "Ruta13-Triunfo-Estadio-LimitePerimetroTunja",
        "_segmentIndex": 0,
        "_position": 11
      },
      "geometry": {
        "type": "Point",
        "coordinates": [
          -73.33123801605025,
          5.5877265765776025
        ]
      }
    },
    {
      "type": "Feature",
      "properties": {
        "_source": "Ruta13-Triunfo-Estadio-LimitePerimetroTunja",
        "_segmentIndex": 0,
        "_position": 12
      },
      "geometry": {
        "type": "Point",
        "coordinates": [
          -73.33098416168521,
          5.588098544414344
        ]
      }
    },
    {
      "type": "Feature",
      "properties": {
        "_source": "Ruta13-Triunfo-Estadio-LimitePerimetroTunja",
        "_segmentIndex": 0,
        "_position": 13
      },
      "geometry": {
        "type": "Point",
        "coordinates": [
          -73.33072781667701,
          5.588468820869553
        ]
      }
    },
    {
      "type": "Feature",
      "properties": {
        "_source": "Ruta13-Triunfo-Estadio-LimitePerimetroTunja",
        "_segmentIndex": 0,
        "_position": 14
      },
      "geometry": {
        "type": "Point",
        "coordinates": [
          -73.33047147134462,
          5.5888390972136035
        ]
      }
    },
    {
      "type": "Feature",
      "properties": {
        "_source": "Ruta13-Triunfo-Estadio-LimitePerimetroTunja",
        "_segmentIndex": 0,
        "_position": 15
      },
      "geometry": {
        "type": "Point",
        "coordinates": [
          -73.33022187378315,
          5.589213852376077
        ]
      }
    },
    {
      "type": "Feature",
      "properties": {
        "_source": "Ruta13-Triunfo-Estadio-LimitePerimetroTunja",
        "_segmentIndex": 0,
        "_position": 16
      },
      "geometry": {
        "type": "Point",
        "coordinates": [
          -73.32997524829243,
          5.58959056430611
        ]
      }
    },
    {
      "type": "Feature",
      "properties": {
        "_source": "Ruta13-Triunfo-Estadio-LimitePerimetroTunja",
        "_segmentIndex": 0,
        "_position": 17
      },
      "geometry": {
        "type": "Point",
        "coordinates": [
          -73.32971398746082,
          5.589957422135544
        ]
      }
    },
    {
      "type": "Feature",
      "properties": {
        "_source": "Ruta13-Triunfo-Estadio-LimitePerimetroTunja",
        "_segmentIndex": 0,
        "_position": 18
      },
      "geometry": {
        "type": "Point",
        "coordinates": [
          -73.32945272630177,
          5.590324279849487
        ]
      }
    },
    {
      "type": "Feature",
      "properties": {
        "_source": "Ruta13-Triunfo-Estadio-LimitePerimetroTunja",
        "_segmentIndex": 0,
        "_position": 19
      },
      "geometry": {
        "type": "Point",
        "coordinates": [
          -73.32919327641746,
          5.59069240803177
        ]
      }
    },
    {
      "type": "Feature",
      "properties": {
        "_source": "Ruta13-Triunfo-Estadio-LimitePerimetroTunja",
        "_segmentIndex": 0,
        "_position": 20
      },
      "geometry": {
        "type": "Point",
        "coordinates": [
          -73.32893735651587,
          5.59106292087805
        ]
      }
    },
    {
      "type": "Feature",
      "properties": {
        "_source": "Ruta13-Triunfo-Estadio-LimitePerimetroTunja",
        "_segmentIndex": 0,
        "_position": 21
      },
      "geometry": {
        "type": "Point",
        "coordinates": [
          -73.32868987449152,
          5.591439122799936
        ]
      }
    },
    {
      "type": "Feature",
      "properties": {
        "_source": "Ruta13-Triunfo-Estadio-LimitePerimetroTunja",
        "_segmentIndex": 0,
        "_position": 22
      },
      "geometry": {
        "type": "Point",
        "coordinates": [
          -73.3284388421777,
          5.591812988210977
        ]
      }
    },
    {
      "type": "Feature",
      "properties": {
        "_source": "Ruta13-Triunfo-Estadio-LimitePerimetroTunja",
        "_segmentIndex": 0,
        "_position": 23
      },
      "geometry": {
        "type": "Point",
        "coordinates": [
          -73.32819416247949,
          5.592190862878052
        ]
      }
    },
    {
      "type": "Feature",
      "properties": {
        "_source": "Ruta13-Triunfo-Estadio-LimitePerimetroTunja",
        "_segmentIndex": 0,
        "_position": 24
      },
      "geometry": {
        "type": "Point",
        "coordinates": [
          -73.3279616734263,
          5.592576413108114
        ]
      }
    },
    {
      "type": "Feature",
      "properties": {
        "_source": "Ruta13-Triunfo-Estadio-LimitePerimetroTunja",
        "_segmentIndex": 0,
        "_position": 25
      },
      "geometry": {
        "type": "Point",
        "coordinates": [
          -73.32775175457202,
          5.59297459257717
        ]
      }
    },
    {
      "type": "Feature",
      "properties": {
        "_source": "Ruta13-Triunfo-Estadio-LimitePerimetroTunja",
        "_segmentIndex": 0,
        "_position": 26
      },
      "geometry": {
        "type": "Point",
        "coordinates": [
          -73.32757542784998,
          5.593388212790818
        ]
      }
    },
    {
      "type": "Feature",
      "properties": {
        "_source": "Ruta13-Triunfo-Estadio-LimitePerimetroTunja",
        "_segmentIndex": 0,
        "_position": 27
      },
      "geometry": {
        "type": "Point",
        "coordinates": [
          -73.32743106602635,
          5.593813938691089
        ]
      }
    },
    {
      "type": "Feature",
      "properties": {
        "_source": "Ruta13-Triunfo-Estadio-LimitePerimetroTunja",
        "_segmentIndex": 0,
        "_position": 28
      },
      "geometry": {
        "type": "Point",
        "coordinates": [
          -73.32729969095003,
          5.5942441107840875
        ]
      }
    },
    {
      "type": "Feature",
      "properties": {
        "_source": "Ruta13-Triunfo-Estadio-LimitePerimetroTunja",
        "_segmentIndex": 0,
        "_position": 29
      },
      "geometry": {
        "type": "Point",
        "coordinates": [
          -73.32720076292357,
          5.594682859612856
        ]
      }
    },
    {
      "type": "Feature",
      "properties": {
        "_source": "Ruta13-Triunfo-Estadio-LimitePerimetroTunja",
        "_segmentIndex": 0,
        "_position": 30
      },
      "geometry": {
        "type": "Point",
        "coordinates": [
          -73.32710660019929,
          5.5951225678217735
        ]
      }
    },
    {
      "type": "Feature",
      "properties": {
        "_source": "Ruta13-Triunfo-Estadio-LimitePerimetroTunja",
        "_segmentIndex": 0,
        "_position": 31
      },
      "geometry": {
        "type": "Point",
        "coordinates": [
          -73.32702640556617,
          5.59556508814775
        ]
      }
    },
    {
      "type": "Feature",
      "properties": {
        "_source": "Ruta13-Triunfo-Estadio-LimitePerimetroTunja",
        "_segmentIndex": 0,
        "_position": 32
      },
      "geometry": {
        "type": "Point",
        "coordinates": [
          -73.32694621081167,
          5.596007608462833
        ]
      }
    },
    {
      "type": "Feature",
      "properties": {
        "_source": "Ruta13-Triunfo-Estadio-LimitePerimetroTunja",
        "_segmentIndex": 0,
        "_position": 33
      },
      "geometry": {
        "type": "Point",
        "coordinates": [
          -73.32686575685234,
          5.596450081742203
        ]
      }
    },
    {
      "type": "Feature",
      "properties": {
        "_source": "Ruta13-Triunfo-Estadio-LimitePerimetroTunja",
        "_segmentIndex": 0,
        "_position": 34
      },
      "geometry": {
        "type": "Point",
        "coordinates": [
          -73.32678382811967,
          5.596892287354686
        ]
      }
    },
    {
      "type": "Feature",
      "properties": {
        "_source": "Ruta13-Triunfo-Estadio-LimitePerimetroTunja",
        "_segmentIndex": 0,
        "_position": 35
      },
      "geometry": {
        "type": "Point",
        "coordinates": [
          -73.32670189926306,
          5.597334492955795
        ]
      }
    },
    {
      "type": "Feature",
      "properties": {
        "_source": "Ruta13-Triunfo-Estadio-LimitePerimetroTunja",
        "_segmentIndex": 0,
        "_position": 36
      },
      "geometry": {
        "type": "Point",
        "coordinates": [
          -73.32662184012352,
          5.597777027912987
        ]
      }
    },
    {
      "type": "Feature",
      "properties": {
        "_source": "Ruta13-Triunfo-Estadio-LimitePerimetroTunja",
        "_segmentIndex": 0,
        "_position": 37
      },
      "geometry": {
        "type": "Point",
        "coordinates": [
          -73.32654628622485,
          5.598220356466704
        ]
      }
    },
    {
      "type": "Feature",
      "properties": {
        "_source": "Ruta13-Triunfo-Estadio-LimitePerimetroTunja",
        "_segmentIndex": 0,
        "_position": 38
      },
      "geometry": {
        "type": "Point",
        "coordinates": [
          -73.32647073221155,
          5.598663685010747
        ]
      }
    },
    {
      "type": "Feature",
      "properties": {
        "_source": "Ruta13-Triunfo-Estadio-LimitePerimetroTunja",
        "_segmentIndex": 0,
        "_position": 39
      },
      "geometry": {
        "type": "Point",
        "coordinates": [
          -73.32639517808364,
          5.599107013545116
        ]
      }
    },
    {
      "type": "Feature",
      "properties": {
        "_source": "Ruta13-Triunfo-Estadio-LimitePerimetroTunja",
        "_segmentIndex": 0,
        "_position": 40
      },
      "geometry": {
        "type": "Point",
        "coordinates": [
          -73.32631287735441,
          5.599549144415848
        ]
      }
    }
  ]
}